Taxon,Location,Year,EarWeight,DaysToSilk
Z003E0001,NY,2006,NA,NA
Z003E0001,NY,2007,47,856.384445
Z003E0002,NY,2006,NA,964.80278
Z003E0002,NY,2007,53,972.77389
Z003E0003,NY,2006,NA,NA
Z003E0003,NY,2007,NA,1005.27389
Z003E0004,NY,2006,58.5,964.80278
Z003E0004,NY,2007,NA,896.110555
Z003E0005,NY,2006,60,964.80278
Z003E0005,NY,2007,NA,930.831665
Z003E0006,NY,2006,68,NA
Z003E0006,NY,2007,105,904.163335
Z003E0007,NY,2006,96,881.610555
Z003E0007,NY,2007,NA,870.27389
Z003E0008,NY,2006,56,964.80278
Z003E0008,NY,2007,NA,930.831665
Z003E0009,NY,2006,133,881.610555
Z003E0009,NY,2007,NA,828.610555
Z003E0010,NY,2006,35,964.80278
Z003E0010,NY,2007,NA,818.610555
Z003E0011,NY,2006,NA,964.80278
Z003E0011,NY,2007,76,883.331665
Z003E0012,NY,2006,NA,NA
Z003E0012,NY,2007,150,870.27389
Z003E0013,NY,2006,NA,954.02389
Z003E0013,NY,2007,NA,916.110555
Z003E0014,NY,2006,NA,944.110555
Z003E0014,NY,2007,80,883.331665
Z003E0015,NY,2006,65,964.80278
Z003E0015,NY,2007,90,NA
Z003E0016,NY,2006,34,964.80278
Z003E0016,NY,2007,57,904.163335
Z003E0017,NY,2006,67,964.80278
Z003E0017,NY,2007,NA,896.110555
Z003E0018,NY,2006,54,964.80278
Z003E0018,NY,2007,95,938.884445
Z003E0019,NY,2006,57,964.80278
Z003E0019,NY,2007,NA,841.663335
Z003E0020,NY,2006,71,964.80278
Z003E0020,NY,2007,53,949.163335
Z003E0021,NY,2006,NA,944.110555
Z003E0021,NY,2007,NA,841.663335
Z003E0022,NY,2006,NA,964.80278
Z003E0022,NY,2007,85,870.27389
Z003E0023,NY,2006,NA,964.80278
Z003E0023,NY,2007,67,1005.27389
Z003E0024,NY,2006,NA,NA
Z003E0024,NY,2007,173,883.331665
Z003E0025,NY,2006,63,964.80278
Z003E0025,NY,2007,NA,870.27389
Z003E0026,NY,2006,76,954.02389
Z003E0026,NY,2007,NA,818.610555
Z003E0027,NY,2006,13,964.80278
Z003E0027,NY,2007,NA,870.27389
Z003E0028,NY,2006,NA,NA
Z003E0028,NY,2007,NA,NA
Z003E0029,NY,2006,77,964.80278
Z003E0029,NY,2007,NA,916.110555
Z003E0030,NY,2006,NA,964.80278
Z003E0030,NY,2007,NA,1005.27389
Z003E0031,NY,2006,NA,964.80278
Z003E0031,NY,2007,NA,980.831665
Z003E0032,NY,2006,NA,964.80278
Z003E0032,NY,2007,45.5,904.163335
Z003E0033,NY,2006,18,NA
Z003E0033,NY,2007,NA,938.884445
Z003E0034,NY,2006,NA,964.80278
Z003E0034,NY,2007,NA,949.163335
Z003E0035,NY,2006,63,964.80278
Z003E0035,NY,2007,NA,856.384445
Z003E0036,NY,2006,49,964.80278
Z003E0036,NY,2007,NA,896.110555
Z003E0037,NY,2006,39,NA
Z003E0037,NY,2007,33,916.110555
Z003E0038,NY,2006,92,964.80278
Z003E0038,NY,2007,76,904.163335
Z003E0039,NY,2006,NA,NA
Z003E0039,NY,2007,51,904.163335
Z003E0040,NY,2006,NA,964.80278
Z003E0040,NY,2007,44,930.831665
Z003E0041,NY,2006,NA,NA
Z003E0041,NY,2007,NA,NA
Z003E0042,NY,2006,NA,964.80278
Z003E0042,NY,2007,NA,938.884445
Z003E0043,NY,2006,82,904.77389
Z003E0043,NY,2007,72,856.384445
Z003E0044,NY,2006,NA,964.80278
Z003E0044,NY,2007,NA,904.163335
Z003E0045,NY,2006,52,964.80278
Z003E0045,NY,2007,98,938.884445
Z003E0046,NY,2006,NA,964.80278
Z003E0046,NY,2007,NA,870.27389
Z003E0047,NY,2006,NA,NA
Z003E0047,NY,2007,NA,961.110555
Z003E0048,NY,2006,NA,NA
Z003E0048,NY,2007,NA,994.163335
Z003E0049,NY,2006,NA,964.80278
Z003E0049,NY,2007,NA,938.884445
Z003E0050,NY,2006,55,964.80278
Z003E0050,NY,2007,107,904.163335
Z003E0051,NY,2006,NA,964.80278
Z003E0051,NY,2007,NA,1005.27389
Z003E0052,NY,2006,56,954.02389
Z003E0052,NY,2007,NA,805.27389
Z003E0053,NY,2006,66,NA
Z003E0053,NY,2007,NA,916.110555
Z003E0054,NY,2006,NA,964.80278
Z003E0054,NY,2007,87,1005.27389
Z003E0055,NY,2006,NA,936.94222
Z003E0055,NY,2007,NA,961.110555
Z003E0056,NY,2006,68,NA
Z003E0056,NY,2007,NA,930.831665
Z003E0057,NY,2006,NA,964.80278
Z003E0057,NY,2007,64,1005.27389
Z003E0058,NY,2006,29,964.80278
Z003E0058,NY,2007,81,828.610555
Z003E0059,NY,2006,NA,964.80278
Z003E0059,NY,2007,NA,1005.27389
Z003E0060,NY,2006,87,NA
Z003E0060,NY,2007,NA,NA
Z003E0061,NY,2006,NA,NA
Z003E0061,NY,2007,114,856.384445
Z003E0062,NY,2006,NA,964.80278
Z003E0062,NY,2007,57,1005.27389
Z003E0063,NY,2006,NA,964.80278
Z003E0063,NY,2007,NA,916.110555
Z003E0064,NY,2006,187,936.94222
Z003E0064,NY,2007,206,904.163335
Z003E0065,NY,2006,56,964.80278
Z003E0065,NY,2007,NA,916.110555
Z003E0066,NY,2006,33,964.80278
Z003E0066,NY,2007,NA,NA
Z003E0067,NY,2006,59,964.80278
Z003E0067,NY,2007,49,896.110555
Z003E0068,NY,2006,37,964.80278
Z003E0068,NY,2007,NA,883.331665
Z003E0069,NY,2006,NA,930.47111
Z003E0069,NY,2007,47,NA
Z003E0070,NY,2006,NA,924.110555
Z003E0070,NY,2007,NA,841.663335
Z003E0071,NY,2006,49,964.80278
Z003E0071,NY,2007,NA,896.110555
Z003E0072,NY,2006,25,964.80278
Z003E0072,NY,2007,NA,972.77389
Z003E0073,NY,2006,75,964.80278
Z003E0073,NY,2007,NA,949.163335
Z003E0074,NY,2006,NA,964.80278
Z003E0074,NY,2007,NA,916.110555
Z003E0075,NY,2006,NA,924.110555
Z003E0075,NY,2007,31,870.27389
Z003E0076,NY,2006,55,NA
Z003E0076,NY,2007,NA,828.610555
Z003E0077,NY,2006,NA,964.80278
Z003E0077,NY,2007,67,949.163335
Z003E0078,NY,2006,59,964.80278
Z003E0078,NY,2007,NA,949.163335
Z003E0079,NY,2006,74,964.80278
Z003E0079,NY,2007,95,883.331665
Z003E0080,NY,2006,NA,NA
Z003E0080,NY,2007,NA,904.163335
Z003E0081,NY,2006,NA,NA
Z003E0081,NY,2007,55,904.163335
Z003E0082,NY,2006,62,964.80278
Z003E0082,NY,2007,NA,949.163335
Z003E0083,NY,2006,NA,964.80278
Z003E0083,NY,2007,NA,1005.27389
Z003E0084,NY,2006,25,964.80278
Z003E0084,NY,2007,NA,818.610555
Z003E0085,NY,2006,48.5,964.80278
Z003E0085,NY,2007,NA,841.663335
Z003E0086,NY,2006,43,964.80278
Z003E0086,NY,2007,NA,896.110555
Z003E0087,NY,2006,32,964.80278
Z003E0087,NY,2007,NA,904.163335
Z003E0088,NY,2006,NA,NA
Z003E0088,NY,2007,63,883.331665
Z003E0089,NY,2006,NA,964.80278
Z003E0089,NY,2007,48,896.110555
Z003E0090,NY,2006,53,964.80278
Z003E0090,NY,2007,117,896.110555
Z003E0091,NY,2006,66,964.80278
Z003E0091,NY,2007,NA,883.331665
Z003E0092,NY,2006,78,904.77389
Z003E0092,NY,2007,NA,841.663335
Z003E0093,NY,2006,35,964.80278
Z003E0093,NY,2007,NA,961.110555
Z003E0094,NY,2006,NA,NA
Z003E0094,NY,2007,NA,938.884445
Z003E0095,NY,2006,NA,964.80278
Z003E0095,NY,2007,NA,961.110555
Z003E0096,NY,2006,31,964.80278
Z003E0096,NY,2007,96,896.110555
Z003E0097,NY,2006,NA,964.80278
Z003E0097,NY,2007,NA,994.163335
Z003E0098,NY,2006,74,964.80278
Z003E0098,NY,2007,NA,870.27389
Z003E0099,NY,2006,NA,964.80278
Z003E0099,NY,2007,NA,1005.27389
Z003E0100,NY,2006,50,964.80278
Z003E0100,NY,2007,NA,916.110555
Z003E0101,NY,2006,51,964.80278
Z003E0101,NY,2007,39.5,930.831665
Z003E0102,NY,2006,44,964.80278
Z003E0102,NY,2007,32,949.163335
Z003E0103,NY,2006,40,964.80278
Z003E0103,NY,2007,NA,NA
Z003E0104,NY,2006,80,964.80278
Z003E0104,NY,2007,NA,904.163335
Z003E0105,NY,2006,NA,964.80278
Z003E0105,NY,2007,NA,896.110555
Z003E0106,NY,2006,64,936.94222
Z003E0106,NY,2007,NA,870.27389
Z003E0107,NY,2006,63,913.634445
Z003E0107,NY,2007,NA,805.27389
Z003E0108,NY,2006,NA,NA
Z003E0108,NY,2007,NA,949.163335
Z003E0109,NY,2006,NA,964.80278
Z003E0109,NY,2007,68.5,938.884445
Z003E0110,NY,2006,52,944.110555
Z003E0110,NY,2007,88,883.331665
Z003E0111,NY,2006,61.5,944.110555
Z003E0111,NY,2007,NA,916.110555
Z003E0112,NY,2006,49,964.80278
Z003E0112,NY,2007,47,883.331665
Z003E0113,NY,2006,63,964.80278
Z003E0113,NY,2007,NA,818.610555
Z003E0114,NY,2006,55,954.02389
Z003E0114,NY,2007,NA,904.163335
Z003E0115,NY,2006,NA,944.110555
Z003E0115,NY,2007,NA,916.110555
Z003E0116,NY,2006,NA,964.80278
Z003E0116,NY,2007,NA,904.163335
Z003E0117,NY,2006,75.5,964.80278
Z003E0117,NY,2007,82,883.331665
Z003E0118,NY,2006,60,964.80278
Z003E0118,NY,2007,NA,961.110555
Z003E0119,NY,2006,31,NA
Z003E0119,NY,2007,141,818.610555
Z003E0120,NY,2006,76,NA
Z003E0120,NY,2007,NA,916.110555
Z003E0121,NY,2006,NA,964.80278
Z003E0121,NY,2007,NA,904.163335
Z003E0122,NY,2006,48,964.80278
Z003E0122,NY,2007,100,904.163335
Z003E0123,NY,2006,72,964.80278
Z003E0123,NY,2007,56,916.110555
Z003E0124,NY,2006,72,964.80278
Z003E0124,NY,2007,82,904.163335
Z003E0125,NY,2006,NA,964.80278
Z003E0125,NY,2007,NA,1000.27389
Z003E0126,NY,2006,42,964.80278
Z003E0126,NY,2007,39,896.110555
Z003E0127,NY,2006,NA,964.80278
Z003E0127,NY,2007,NA,961.110555
Z003E0128,NY,2006,76,881.610555
Z003E0128,NY,2007,NA,805.27389
Z003E0129,NY,2006,60.5,964.80278
Z003E0129,NY,2007,NA,916.110555
Z003E0130,NY,2006,NA,964.80278
Z003E0130,NY,2007,52,994.163335
Z003E0131,NY,2006,NA,964.80278
Z003E0131,NY,2007,NA,949.163335
Z003E0132,NY,2006,94,964.80278
Z003E0132,NY,2007,77,856.384445
Z003E0133,NY,2006,33,NA
Z003E0133,NY,2007,100,904.163335
Z003E0134,NY,2006,55,964.80278
Z003E0134,NY,2007,NA,930.831665
Z003E0135,NY,2006,NA,NA
Z003E0135,NY,2007,98,1000.27389
Z003E0136,NY,2006,NA,NA
Z003E0136,NY,2007,89,938.884445
Z003E0137,NY,2006,33,913.634445
Z003E0137,NY,2007,NA,759.163335
Z003E0138,NY,2006,97,913.634445
Z003E0138,NY,2007,NA,904.163335
Z003E0139,NY,2006,55,964.80278
Z003E0139,NY,2007,NA,NA
Z003E0140,NY,2006,48,964.80278
Z003E0140,NY,2007,82,916.110555
Z003E0141,NY,2006,39,964.80278
Z003E0141,NY,2007,NA,870.27389
Z003E0142,NY,2006,79.5,904.77389
Z003E0142,NY,2007,46,870.27389
Z003E0143,NY,2006,56,964.80278
Z003E0143,NY,2007,NA,1005.27389
Z003E0144,NY,2006,NA,NA
Z003E0144,NY,2007,NA,1005.27389
Z003E0145,NY,2006,58,NA
Z003E0145,NY,2007,NA,904.163335
Z003E0146,NY,2006,NA,NA
Z003E0146,NY,2007,48,916.110555
Z003E0147,NY,2006,35.5,944.110555
Z003E0147,NY,2007,73,938.884445
Z003E0148,NY,2006,54,964.80278
Z003E0148,NY,2007,103,856.384445
Z003E0149,NY,2006,91,964.80278
Z003E0149,NY,2007,NA,994.163335
Z003E0150,NY,2006,46,NA
Z003E0150,NY,2007,NA,856.384445
Z003E0151,NY,2006,NA,964.80278
Z003E0151,NY,2007,NA,916.110555
Z003E0152,NY,2006,97,964.80278
Z003E0152,NY,2007,105,788.331665
Z003E0153,NY,2006,NA,NA
Z003E0153,NY,2007,NA,904.163335
Z003E0154,NY,2006,43,930.47111
Z003E0154,NY,2007,110,828.610555
Z003E0155,NY,2006,NA,NA
Z003E0155,NY,2007,NA,904.163335
Z003E0156,NY,2006,46,NA
Z003E0156,NY,2007,44,994.163335
Z003E0157,NY,2006,NA,964.80278
Z003E0157,NY,2007,NA,1005.27389
Z003E0158,NY,2006,66,964.80278
Z003E0158,NY,2007,NA,828.610555
Z003E0159,NY,2006,73,964.80278
Z003E0159,NY,2007,NA,930.831665
Z003E0160,NY,2006,75,930.47111
Z003E0160,NY,2007,NA,841.663335
Z003E0161,NY,2006,55,964.80278
Z003E0161,NY,2007,NA,1005.27389
Z003E0162,NY,2006,NA,NA
Z003E0162,NY,2007,61,870.27389
Z003E0163,NY,2006,46,964.80278
Z003E0163,NY,2007,115,916.110555
Z003E0164,NY,2006,NA,954.02389
Z003E0164,NY,2007,NA,883.331665
Z003E0165,NY,2006,NA,964.80278
Z003E0165,NY,2007,35.5,961.110555
Z003E0166,NY,2006,58,964.80278
Z003E0166,NY,2007,104,805.27389
Z003E0167,NY,2006,NA,964.80278
Z003E0167,NY,2007,45,883.331665
Z003E0168,NY,2006,65,913.634445
Z003E0168,NY,2007,66,818.610555
Z003E0169,NY,2006,NA,NA
Z003E0169,NY,2007,66,994.163335
Z003E0170,NY,2006,35,NA
Z003E0170,NY,2007,NA,856.384445
Z003E0171,NY,2006,NA,964.80278
Z003E0171,NY,2007,44,961.110555
Z003E0172,NY,2006,NA,964.80278
Z003E0172,NY,2007,69,1005.27389
Z003E0173,NY,2006,35,964.80278
Z003E0173,NY,2007,93,883.331665
Z003E0174,NY,2006,40,964.80278
Z003E0174,NY,2007,NA,1005.27389
Z003E0175,NY,2006,50,944.110555
Z003E0175,NY,2007,NA,856.384445
Z003E0176,NY,2006,20,NA
Z003E0176,NY,2007,NA,938.884445
Z003E0177,NY,2006,NA,964.80278
Z003E0177,NY,2007,26,904.163335
Z003E0178,NY,2006,NA,964.80278
Z003E0178,NY,2007,90,949.163335
Z003E0179,NY,2006,NA,954.02389
Z003E0179,NY,2007,35,938.884445
Z003E0180,NY,2006,42,964.80278
Z003E0180,NY,2007,NA,938.884445
Z003E0181,NY,2006,123,924.110555
Z003E0181,NY,2007,NA,828.610555
Z003E0182,NY,2006,NA,954.02389
Z003E0182,NY,2007,NA,NA
Z003E0183,NY,2006,35,964.80278
Z003E0183,NY,2007,NA,961.110555
Z003E0184,NY,2006,NA,964.80278
Z003E0184,NY,2007,56,856.384445
Z003E0185,NY,2006,24,964.80278
Z003E0185,NY,2007,66,883.331665
Z003E0186,NY,2006,NA,964.80278
Z003E0186,NY,2007,NA,1005.27389
Z003E0187,NY,2006,90,964.80278
Z003E0187,NY,2007,89,916.110555
Z003E0188,NY,2006,NA,NA
Z003E0188,NY,2007,43,949.163335
Z003E0189,NY,2006,NA,NA
Z003E0189,NY,2007,NA,788.331665
Z003E0190,NY,2006,31,924.110555
Z003E0190,NY,2007,85,883.331665
Z003E0191,NY,2006,NA,964.80278
Z003E0191,NY,2007,NA,961.110555
Z003E0192,NY,2006,NA,964.80278
Z003E0192,NY,2007,NA,1005.27389
Z003E0193,NY,2006,NA,NA
Z003E0193,NY,2007,NA,896.110555
Z003E0194,NY,2006,NA,964.80278
Z003E0194,NY,2007,NA,856.384445
Z003E0195,NY,2006,34,NA
Z003E0195,NY,2007,NA,938.884445
Z003E0196,NY,2006,66,964.80278
Z003E0196,NY,2007,103,883.331665
Z003E0197,NY,2006,30,964.80278
Z003E0197,NY,2007,NA,870.27389
Z003E0198,NY,2006,94,944.110555
Z003E0198,NY,2007,NA,828.610555
Z003E0199,NY,2006,83,964.80278
Z003E0199,NY,2007,77,870.27389
Z003E0200,NY,2006,NA,964.80278
Z003E0200,NY,2007,NA,961.110555
Z003E0201,NY,2006,71.81818182,917.7864445
Z003E0201,NY,2007,110.8571429,822.9494444
Z003E0202,NY,2006,NA,964.80278
Z003E0202,NY,2007,NA,1005.27389
Z003E0212,NY,2006,NA,NA
Z003E0212,NY,2007,NA,NA
Z003E0220,NY,2006,NA,NA
Z003E0220,NY,2007,NA,NA
Z003E0266,NY,2006,NA,NA
Z003E0266,NY,2007,NA,NA
Z005E0001,NY,2006,115,870.55278
Z005E0001,NY,2007,118,818.610555
Z005E0002,NY,2006,124,936.94222
Z005E0002,NY,2007,NA,828.610555
Z005E0003,NY,2006,NA,NA
Z005E0003,NY,2007,28,961.110555
Z005E0004,NY,2006,90,964.80278
Z005E0004,NY,2007,68,916.110555
Z005E0005,NY,2006,49,964.80278
Z005E0005,NY,2007,NA,938.884445
Z005E0006,NY,2006,NA,NA
Z005E0006,NY,2007,NA,1005.27389
Z005E0007,NY,2006,95,904.77389
Z005E0007,NY,2007,75,828.610555
Z005E0008,NY,2006,65,964.80278
Z005E0008,NY,2007,60,938.884445
Z005E0009,NY,2006,73,964.80278
Z005E0009,NY,2007,NA,883.331665
Z005E0010,NY,2006,NA,NA
Z005E0010,NY,2007,NA,NA
Z005E0011,NY,2006,NA,NA
Z005E0011,NY,2007,NA,788.331665
Z005E0012,NY,2006,NA,964.80278
Z005E0012,NY,2007,66,883.331665
Z005E0013,NY,2006,147,936.94222
Z005E0013,NY,2007,85,870.27389
Z005E0014,NY,2006,103,954.02389
Z005E0014,NY,2007,NA,938.884445
Z005E0015,NY,2006,NA,NA
Z005E0015,NY,2007,NA,NA
Z005E0016,NY,2006,66,936.94222
Z005E0016,NY,2007,NA,870.27389
Z005E0017,NY,2006,NA,NA
Z005E0017,NY,2007,63,994.163335
Z005E0018,NY,2006,NA,NA
Z005E0018,NY,2007,NA,938.884445
Z005E0019,NY,2006,NA,NA
Z005E0019,NY,2007,NA,828.610555
Z005E0020,NY,2006,115,964.80278
Z005E0020,NY,2007,105,930.831665
Z005E0021,NY,2006,64,924.110555
Z005E0021,NY,2007,63,841.663335
Z005E0022,NY,2006,64,964.80278
Z005E0022,NY,2007,74,904.163335
Z005E0023,NY,2006,67,964.80278
Z005E0023,NY,2007,NA,930.831665
Z005E0024,NY,2006,124,936.94222
Z005E0024,NY,2007,NA,870.27389
Z005E0025,NY,2006,91,964.80278
Z005E0025,NY,2007,NA,NA
Z005E0026,NY,2006,131,954.02389
Z005E0026,NY,2007,NA,930.831665
Z005E0027,NY,2006,NA,964.80278
Z005E0027,NY,2007,75.5,841.663335
Z005E0028,NY,2006,50,NA
Z005E0028,NY,2007,NA,980.831665
Z005E0029,NY,2006,84,944.110555
Z005E0029,NY,2007,70,930.831665
Z005E0030,NY,2006,86,964.80278
Z005E0030,NY,2007,155,818.610555
Z005E0031,NY,2006,17,964.80278
Z005E0031,NY,2007,NA,818.610555
Z005E0032,NY,2006,75,NA
Z005E0032,NY,2007,55,NA
Z005E0033,NY,2006,78,964.80278
Z005E0033,NY,2007,NA,916.110555
Z005E0034,NY,2006,NA,NA
Z005E0034,NY,2007,28,1005.27389
Z005E0035,NY,2006,70,964.80278
Z005E0035,NY,2007,NA,896.110555
Z005E0036,NY,2006,NA,NA
Z005E0036,NY,2007,NA,1005.27389
Z005E0037,NY,2006,NA,964.80278
Z005E0037,NY,2007,NA,980.831665
Z005E0038,NY,2006,66,964.80278
Z005E0038,NY,2007,61,1000.27389
Z005E0039,NY,2006,NA,964.80278
Z005E0039,NY,2007,46,938.884445
Z005E0040,NY,2006,55,964.80278
Z005E0040,NY,2007,61,930.831665
Z005E0041,NY,2006,103,964.80278
Z005E0041,NY,2007,29,NA
Z005E0042,NY,2006,NA,NA
Z005E0042,NY,2007,115,856.384445
Z005E0043,NY,2006,NA,964.80278
Z005E0043,NY,2007,111,883.331665
Z005E0044,NY,2006,NA,NA
Z005E0044,NY,2007,NA,788.331665
Z005E0045,NY,2006,52,964.80278
Z005E0045,NY,2007,38.5,961.110555
Z005E0046,NY,2006,118,964.80278
Z005E0046,NY,2007,NA,896.110555
Z005E0047,NY,2006,43.5,NA
Z005E0047,NY,2007,118,828.610555
Z005E0048,NY,2006,NA,NA
Z005E0048,NY,2007,NA,NA
Z005E0049,NY,2006,NA,NA
Z005E0049,NY,2007,41,1005.27389
Z005E0050,NY,2006,NA,964.80278
Z005E0050,NY,2007,NA,938.884445
Z005E0051,NY,2006,41,NA
Z005E0051,NY,2007,NA,1005.27389
Z005E0052,NY,2006,60,964.80278
Z005E0052,NY,2007,66,870.27389
Z005E0053,NY,2006,27,NA
Z005E0053,NY,2007,75,NA
Z005E0054,NY,2006,49,964.80278
Z005E0054,NY,2007,93,930.831665
Z005E0055,NY,2006,97,964.80278
Z005E0055,NY,2007,NA,841.663335
Z005E0056,NY,2006,63,936.94222
Z005E0056,NY,2007,NA,904.163335
Z005E0057,NY,2006,76,964.80278
Z005E0057,NY,2007,101.5,896.110555
Z005E0058,NY,2006,NA,NA
Z005E0058,NY,2007,NA,1005.27389
Z005E0059,NY,2006,24,NA
Z005E0059,NY,2007,25,1005.27389
Z005E0060,NY,2006,87,964.80278
Z005E0060,NY,2007,NA,930.831665
Z005E0061,NY,2006,NA,964.80278
Z005E0061,NY,2007,73,938.884445
Z005E0062,NY,2006,45,964.80278
Z005E0062,NY,2007,31,870.27389
Z005E0063,NY,2006,93,NA
Z005E0063,NY,2007,90,916.110555
Z005E0064,NY,2006,NA,NA
Z005E0064,NY,2007,NA,1005.27389
Z005E0065,NY,2006,109,936.94222
Z005E0065,NY,2007,NA,870.27389
Z005E0066,NY,2006,34,964.80278
Z005E0066,NY,2007,NA,930.831665
Z005E0067,NY,2006,NA,964.80278
Z005E0067,NY,2007,NA,896.110555
Z005E0068,NY,2006,88,924.110555
Z005E0068,NY,2007,NA,883.331665
Z005E0069,NY,2006,46,964.80278
Z005E0069,NY,2007,45,904.163335
Z005E0070,NY,2006,43,NA
Z005E0070,NY,2007,47,904.163335
Z005E0071,NY,2006,40,NA
Z005E0071,NY,2007,NA,1000.27389
Z005E0072,NY,2006,NA,964.80278
Z005E0072,NY,2007,NA,949.163335
Z005E0073,NY,2006,NA,NA
Z005E0073,NY,2007,52,904.163335
Z005E0074,NY,2006,49,964.80278
Z005E0074,NY,2007,86,904.163335
Z005E0075,NY,2006,NA,913.634445
Z005E0075,NY,2007,NA,949.163335
Z005E0076,NY,2006,38,964.80278
Z005E0076,NY,2007,NA,1005.27389
Z005E0077,NY,2006,34,NA
Z005E0077,NY,2007,17,961.110555
Z005E0078,NY,2006,NA,NA
Z005E0078,NY,2007,NA,1005.27389
Z005E0079,NY,2006,119,924.110555
Z005E0079,NY,2007,79,805.27389
Z005E0080,NY,2006,98,964.80278
Z005E0080,NY,2007,150,841.663335
Z005E0081,NY,2006,128,832.163335
Z005E0081,NY,2007,NA,841.663335
Z005E0082,NY,2006,70,964.80278
Z005E0082,NY,2007,NA,904.163335
Z005E0083,NY,2006,52,964.80278
Z005E0083,NY,2007,75,870.27389
Z005E0084,NY,2006,80,944.110555
Z005E0084,NY,2007,75,883.331665
Z005E0085,NY,2006,51,924.110555
Z005E0085,NY,2007,NA,930.831665
Z005E0086,NY,2006,106,913.634445
Z005E0086,NY,2007,NA,856.384445
Z005E0087,NY,2006,100,944.110555
Z005E0087,NY,2007,NA,841.663335
Z005E0088,NY,2006,93,936.94222
Z005E0088,NY,2007,NA,904.163335
Z005E0089,NY,2006,30,NA
Z005E0089,NY,2007,NA,NA
Z005E0090,NY,2006,NA,954.02389
Z005E0090,NY,2007,NA,883.331665
Z005E0091,NY,2006,NA,NA
Z005E0091,NY,2007,62,870.27389
Z005E0092,NY,2006,46,964.80278
Z005E0092,NY,2007,53,1005.27389
Z005E0093,NY,2006,65,964.80278
Z005E0093,NY,2007,38,870.27389
Z005E0094,NY,2006,109,913.634445
Z005E0094,NY,2007,NA,841.663335
Z005E0095,NY,2006,54,NA
Z005E0095,NY,2007,99.5,883.331665
Z005E0096,NY,2006,43,964.80278
Z005E0096,NY,2007,NA,841.663335
Z005E0097,NY,2006,158,964.80278
Z005E0097,NY,2007,66,938.884445
Z005E0098,NY,2006,NA,NA
Z005E0098,NY,2007,NA,NA
Z005E0099,NY,2006,NA,936.94222
Z005E0099,NY,2007,NA,828.610555
Z005E0100,NY,2006,80,896.413335
Z005E0100,NY,2007,NA,883.331665
Z005E0101,NY,2006,69.5,NA
Z005E0101,NY,2007,NA,NA
Z005E0102,NY,2006,93,913.634445
Z005E0102,NY,2007,90,841.663335
Z005E0103,NY,2006,58,NA
Z005E0103,NY,2007,105,1005.27389
Z005E0104,NY,2006,37,964.80278
Z005E0104,NY,2007,NA,870.27389
Z005E0105,NY,2006,47,NA
Z005E0105,NY,2007,NA,856.384445
Z005E0106,NY,2006,27,964.80278
Z005E0106,NY,2007,NA,938.884445
Z005E0107,NY,2006,NA,NA
Z005E0107,NY,2007,105,870.27389
Z005E0108,NY,2006,92,964.80278
Z005E0108,NY,2007,116,870.27389
Z005E0109,NY,2006,93,936.94222
Z005E0109,NY,2007,NA,883.331665
Z005E0110,NY,2006,68,NA
Z005E0110,NY,2007,NA,856.384445
Z005E0111,NY,2006,71,913.634445
Z005E0111,NY,2007,NA,818.610555
Z005E0112,NY,2006,88.5,881.610555
Z005E0112,NY,2007,NA,841.663335
Z005E0113,NY,2006,71,924.110555
Z005E0113,NY,2007,NA,856.384445
Z005E0114,NY,2006,53,NA
Z005E0114,NY,2007,59,870.27389
Z005E0115,NY,2006,51,964.80278
Z005E0115,NY,2007,NA,949.163335
Z005E0116,NY,2006,74,964.80278
Z005E0116,NY,2007,64,870.27389
Z005E0117,NY,2006,58,964.80278
Z005E0117,NY,2007,NA,870.27389
Z005E0118,NY,2006,57,964.80278
Z005E0118,NY,2007,NA,930.831665
Z005E0119,NY,2006,70,964.80278
Z005E0119,NY,2007,105.5,841.663335
Z005E0120,NY,2006,NA,NA
Z005E0120,NY,2007,48,NA
Z005E0121,NY,2006,85,936.94222
Z005E0121,NY,2007,103,841.663335
Z005E0122,NY,2006,70,944.110555
Z005E0122,NY,2007,NA,841.663335
Z005E0123,NY,2006,62,944.110555
Z005E0123,NY,2007,99,805.27389
Z005E0124,NY,2006,39,964.80278
Z005E0124,NY,2007,NA,NA
Z005E0125,NY,2006,57,NA
Z005E0125,NY,2007,NA,916.110555
Z005E0126,NY,2006,136,964.80278
Z005E0126,NY,2007,83,916.110555
Z005E0127,NY,2006,65,964.80278
Z005E0127,NY,2007,NA,841.663335
Z005E0128,NY,2006,NA,NA
Z005E0128,NY,2007,63,994.163335
Z005E0129,NY,2006,43,964.80278
Z005E0129,NY,2007,97,916.110555
Z005E0130,NY,2006,71,904.77389
Z005E0130,NY,2007,85,805.27389
Z005E0131,NY,2006,NA,NA
Z005E0131,NY,2007,NA,NA
Z005E0132,NY,2006,158,913.634445
Z005E0132,NY,2007,NA,870.27389
Z005E0133,NY,2006,138,964.80278
Z005E0133,NY,2007,NA,896.110555
Z005E0134,NY,2006,126,964.80278
Z005E0134,NY,2007,217,870.27389
Z005E0135,NY,2006,58,964.80278
Z005E0135,NY,2007,40,1000.27389
Z005E0136,NY,2006,83,964.80278
Z005E0136,NY,2007,NA,856.384445
Z005E0137,NY,2006,71,964.80278
Z005E0137,NY,2007,NA,961.110555
Z005E0138,NY,2006,NA,NA
Z005E0138,NY,2007,NA,1005.27389
Z005E0139,NY,2006,59,964.80278
Z005E0139,NY,2007,NA,916.110555
Z005E0140,NY,2006,193,936.94222
Z005E0140,NY,2007,NA,805.27389
Z005E0141,NY,2006,64.5,936.94222
Z005E0141,NY,2007,53,883.331665
Z005E0142,NY,2006,78,964.80278
Z005E0142,NY,2007,52,916.110555
Z005E0143,NY,2006,55,964.80278
Z005E0143,NY,2007,NA,930.831665
Z005E0144,NY,2006,64,NA
Z005E0144,NY,2007,NA,938.884445
Z005E0145,NY,2006,64,NA
Z005E0145,NY,2007,59,994.163335
Z005E0146,NY,2006,110,870.55278
Z005E0146,NY,2007,NA,883.331665
Z005E0147,NY,2006,104.5,924.110555
Z005E0147,NY,2007,66,896.110555
Z005E0148,NY,2006,50,964.80278
Z005E0148,NY,2007,NA,916.110555
Z005E0149,NY,2006,53,964.80278
Z005E0149,NY,2007,71,930.831665
Z005E0150,NY,2006,62,964.80278
Z005E0150,NY,2007,NA,938.884445
Z005E0151,NY,2006,NA,NA
Z005E0151,NY,2007,NA,NA
Z005E0152,NY,2006,40,964.80278
Z005E0152,NY,2007,50,961.110555
Z005E0153,NY,2006,NA,NA
Z005E0153,NY,2007,61,949.163335
Z005E0154,NY,2006,158,944.110555
Z005E0154,NY,2007,NA,883.331665
Z005E0155,NY,2006,73,964.80278
Z005E0155,NY,2007,NA,930.831665
Z005E0156,NY,2006,132,964.80278
Z005E0156,NY,2007,NA,904.163335
Z005E0157,NY,2006,33,NA
Z005E0157,NY,2007,NA,1000.27389
Z005E0158,NY,2006,89,913.634445
Z005E0158,NY,2007,NA,841.663335
Z005E0159,NY,2006,101,964.80278
Z005E0159,NY,2007,NA,856.384445
Z005E0160,NY,2006,31,NA
Z005E0160,NY,2007,NA,856.384445
Z005E0161,NY,2006,94,913.634445
Z005E0161,NY,2007,43,828.610555
Z005E0162,NY,2006,141,964.80278
Z005E0162,NY,2007,NA,896.110555
Z005E0163,NY,2006,NA,964.80278
Z005E0163,NY,2007,NA,916.110555
Z005E0164,NY,2006,55,964.80278
Z005E0164,NY,2007,57,1005.27389
Z005E0165,NY,2006,120,954.02389
Z005E0165,NY,2007,50,985.831665
Z005E0166,NY,2006,66,964.80278
Z005E0166,NY,2007,54,896.110555
Z005E0167,NY,2006,NA,NA
Z005E0167,NY,2007,NA,961.110555
Z005E0168,NY,2006,54,964.80278
Z005E0168,NY,2007,NA,938.884445
Z005E0169,NY,2006,61,NA
Z005E0169,NY,2007,NA,961.110555
Z005E0170,NY,2006,114,NA
Z005E0170,NY,2007,113,856.384445
Z005E0171,NY,2006,49,NA
Z005E0171,NY,2007,69,1005.27389
Z005E0172,NY,2006,130,904.77389
Z005E0172,NY,2007,91,841.663335
Z005E0173,NY,2006,111,936.94222
Z005E0173,NY,2007,108,856.384445
Z005E0174,NY,2006,79,964.80278
Z005E0174,NY,2007,NA,972.77389
Z005E0175,NY,2006,91,964.80278
Z005E0175,NY,2007,73,896.110555
Z005E0176,NY,2006,59,964.80278
Z005E0176,NY,2007,73,930.831665
Z005E0177,NY,2006,107.5,913.634445
Z005E0177,NY,2007,NA,896.110555
Z005E0178,NY,2006,51,964.80278
Z005E0178,NY,2007,76,930.831665
Z005E0179,NY,2006,128,904.77389
Z005E0179,NY,2007,NA,841.663335
Z005E0180,NY,2006,104,913.634445
Z005E0180,NY,2007,NA,828.610555
Z005E0181,NY,2006,NA,NA
Z005E0181,NY,2007,57,1005.27389
Z005E0182,NY,2006,NA,NA
Z005E0182,NY,2007,NA,1005.27389
Z005E0183,NY,2006,27,NA
Z005E0183,NY,2007,NA,916.110555
Z005E0184,NY,2006,73,NA
Z005E0184,NY,2007,NA,930.831665
Z005E0185,NY,2006,32,964.80278
Z005E0185,NY,2007,NA,904.163335
Z005E0186,NY,2006,85,870.55278
Z005E0186,NY,2007,NA,818.610555
Z005E0187,NY,2006,NA,NA
Z005E0187,NY,2007,78,985.831665
Z005E0188,NY,2006,217,881.610555
Z005E0188,NY,2007,NA,818.610555
Z005E0189,NY,2006,86,964.80278
Z005E0189,NY,2007,NA,916.110555
Z005E0190,NY,2006,32,NA
Z005E0190,NY,2007,NA,818.610555
Z005E0191,NY,2006,NA,NA
Z005E0191,NY,2007,NA,1005.27389
Z005E0192,NY,2006,52,964.80278
Z005E0192,NY,2007,NA,985.831665
Z005E0193,NY,2006,54,881.610555
Z005E0193,NY,2007,81,856.384445
Z005E0194,NY,2006,52,964.80278
Z005E0194,NY,2007,NA,828.610555
Z005E0195,NY,2006,147,896.413335
Z005E0195,NY,2007,NA,904.163335
Z005E0196,NY,2006,NA,964.80278
Z005E0196,NY,2007,NA,896.110555
Z005E0197,NY,2006,47,NA
Z005E0197,NY,2007,NA,1000.27389
Z005E0198,NY,2006,51,NA
Z005E0198,NY,2007,49,961.110555
Z005E0199,NY,2006,NA,NA
Z005E0199,NY,2007,NA,949.163335
Z005E0200,NY,2006,108,936.94222
Z005E0200,NY,2007,40,938.884445
Z005E0201,NY,2006,100.6666667,894.15039
Z005E0201,NY,2007,129.6,827.81
Z005E0202,NY,2006,NA,NA
Z005E0202,NY,2007,NA,1005.27389
Z005E0204,NY,2006,NA,NA
Z005E0204,NY,2007,NA,NA
Z005E0210,NY,2006,NA,NA
Z005E0210,NY,2007,NA,NA
Z005E0211,NY,2006,NA,NA
Z005E0211,NY,2007,NA,NA
Z005E0212,NY,2006,NA,NA
Z005E0212,NY,2007,NA,NA
Z005E0213,NY,2006,NA,NA
Z005E0213,NY,2007,NA,NA
Z005E0215,NY,2006,NA,NA
Z005E0215,NY,2007,NA,NA
Z005E0233,NY,2006,NA,NA
Z005E0233,NY,2007,NA,NA
Z005E0249,NY,2006,NA,NA
Z005E0249,NY,2007,NA,NA
Z005E0267,NY,2006,NA,NA
Z005E0267,NY,2007,NA,NA
Z005E0269,NY,2006,NA,NA
Z005E0269,NY,2007,NA,NA
Z005E0270,NY,2006,NA,NA
Z005E0270,NY,2007,NA,NA
Z011E0001,NY,2006,88,812.581665
Z011E0001,NY,2007,77,759.163335
Z011E0002,NY,2006,NA,NA
Z011E0002,NY,2007,80,772.5
Z011E0003,NY,2006,NA,847.05278
Z011E0003,NY,2007,NA,759.163335
Z011E0004,NY,2006,NA,750.384445
Z011E0004,NY,2007,NA,684.72111
Z011E0005,NY,2006,84,812.581665
Z011E0005,NY,2007,NA,772.5
Z011E0006,NY,2006,58,812.581665
Z011E0006,NY,2007,61,736.94222
Z011E0007,NY,2006,NA,964.80278
Z011E0007,NY,2007,42,772.5
Z011E0008,NY,2006,106,812.581665
Z011E0008,NY,2007,NA,698.05278
Z011E0009,NY,2006,86,778.55278
Z011E0009,NY,2007,NA,772.5
Z011E0010,NY,2006,NA,NA
Z011E0010,NY,2007,NA,772.5
Z011E0011,NY,2006,127,860.19222
Z011E0011,NY,2007,NA,818.610555
Z011E0012,NY,2006,76.5,870.55278
Z011E0012,NY,2007,NA,748.331665
Z011E0013,NY,2006,NA,881.610555
Z011E0013,NY,2007,NA,883.331665
Z011E0014,NY,2006,52,881.610555
Z011E0014,NY,2007,NA,748.331665
Z011E0015,NY,2006,NA,812.581665
Z011E0015,NY,2007,NA,748.331665
Z011E0016,NY,2006,NA,736.72111
Z011E0016,NY,2007,NA,698.05278
Z011E0017,NY,2006,41,812.581665
Z011E0017,NY,2007,NA,788.331665
Z011E0018,NY,2006,105,778.55278
Z011E0018,NY,2007,NA,759.163335
Z011E0019,NY,2006,87,736.72111
Z011E0019,NY,2007,NA,736.94222
Z011E0020,NY,2006,NA,924.110555
Z011E0020,NY,2007,NA,805.27389
Z011E0021,NY,2006,NA,765
Z011E0021,NY,2007,86,736.94222
Z011E0022,NY,2006,NA,NA
Z011E0022,NY,2007,NA,772.5
Z011E0023,NY,2006,104,812.581665
Z011E0023,NY,2007,NA,772.5
Z011E0024,NY,2006,111,896.413335
Z011E0024,NY,2007,NA,748.331665
Z011E0025,NY,2006,NA,904.77389
Z011E0025,NY,2007,NA,736.94222
Z011E0026,NY,2006,136,812.581665
Z011E0026,NY,2007,NA,805.27389
Z011E0027,NY,2006,77.33333333,765
Z011E0027,NY,2007,53,724.163335
Z011E0028,NY,2006,76,881.610555
Z011E0028,NY,2007,NA,788.331665
Z011E0029,NY,2006,82,765
Z011E0029,NY,2007,83.5,724.163335
Z011E0030,NY,2006,55,793.884445
Z011E0030,NY,2007,66.5,805.27389
Z011E0031,NY,2006,115,832.163335
Z011E0031,NY,2007,39,724.163335
Z011E0032,NY,2006,NA,NA
Z011E0032,NY,2007,NA,748.331665
Z011E0033,NY,2006,129,793.884445
Z011E0033,NY,2007,100,748.331665
Z011E0034,NY,2006,47,765
Z011E0034,NY,2007,NA,724.163335
Z011E0035,NY,2006,37,913.634445
Z011E0035,NY,2007,74,841.663335
Z011E0036,NY,2006,NA,NA
Z011E0036,NY,2007,NA,724.163335
Z011E0037,NY,2006,NA,944.110555
Z011E0037,NY,2007,71,759.163335
Z011E0038,NY,2006,NA,778.55278
Z011E0038,NY,2007,89,736.94222
Z011E0039,NY,2006,64.5,765
Z011E0039,NY,2007,NA,724.163335
Z011E0040,NY,2006,199.5,812.581665
Z011E0040,NY,2007,NA,712.77389
Z011E0041,NY,2006,NA,NA
Z011E0041,NY,2007,NA,748.331665
Z011E0042,NY,2006,114,847.05278
Z011E0042,NY,2007,77,736.94222
Z011E0043,NY,2006,80,913.634445
Z011E0043,NY,2007,NA,759.163335
Z011E0044,NY,2006,52,896.413335
Z011E0044,NY,2007,NA,841.663335
Z011E0045,NY,2006,66,793.884445
Z011E0045,NY,2007,73,788.331665
Z011E0046,NY,2006,NA,870.55278
Z011E0046,NY,2007,27,805.27389
Z011E0047,NY,2006,101,832.163335
Z011E0047,NY,2007,NA,759.163335
Z011E0048,NY,2006,175,NA
Z011E0048,NY,2007,NA,736.94222
Z011E0049,NY,2006,68,812.581665
Z011E0049,NY,2007,NA,759.163335
Z011E0050,NY,2006,40,881.610555
Z011E0050,NY,2007,NA,856.384445
Z011E0051,NY,2006,87.5,860.19222
Z011E0051,NY,2007,87,772.5
Z011E0052,NY,2006,40,913.634445
Z011E0052,NY,2007,NA,759.163335
Z011E0053,NY,2006,NA,913.634445
Z011E0053,NY,2007,NA,818.610555
Z011E0054,NY,2006,NA,944.110555
Z011E0054,NY,2007,29,818.610555
Z011E0055,NY,2006,45,765
Z011E0055,NY,2007,59,698.05278
Z011E0056,NY,2006,79.5,765
Z011E0056,NY,2007,66,748.331665
Z011E0057,NY,2006,70,870.55278
Z011E0057,NY,2007,53,805.27389
Z011E0058,NY,2006,62,NA
Z011E0058,NY,2007,NA,788.331665
Z011E0059,NY,2006,23,913.634445
Z011E0059,NY,2007,NA,938.884445
Z011E0060,NY,2006,81.5,812.581665
Z011E0060,NY,2007,NA,759.163335
Z011E0061,NY,2006,70.5,832.163335
Z011E0061,NY,2007,NA,736.94222
Z011E0062,NY,2006,NA,930.47111
Z011E0062,NY,2007,NA,904.163335
Z011E0063,NY,2006,NA,736.72111
Z011E0063,NY,2007,NA,736.94222
Z011E0064,NY,2006,51.5,832.163335
Z011E0064,NY,2007,111,828.610555
Z011E0065,NY,2006,52,832.163335
Z011E0065,NY,2007,36,736.94222
Z011E0066,NY,2006,62,812.581665
Z011E0066,NY,2007,55.5,772.5
Z011E0067,NY,2006,NA,944.110555
Z011E0067,NY,2007,NA,841.663335
Z011E0068,NY,2006,NA,NA
Z011E0068,NY,2007,42,870.27389
Z011E0069,NY,2006,NA,913.634445
Z011E0069,NY,2007,61,818.610555
Z011E0070,NY,2006,24,913.634445
Z011E0070,NY,2007,42,883.331665
Z011E0071,NY,2006,28,924.110555
Z011E0071,NY,2007,NA,772.5
Z011E0072,NY,2006,132,NA
Z011E0072,NY,2007,153,818.610555
Z011E0073,NY,2006,NA,NA
Z011E0073,NY,2007,82,772.5
Z011E0074,NY,2006,76,765
Z011E0074,NY,2007,NA,736.94222
Z011E0075,NY,2006,50,765
Z011E0075,NY,2007,29,736.94222
Z011E0076,NY,2006,NA,NA
Z011E0076,NY,2007,52.5,788.331665
Z011E0077,NY,2006,81,812.581665
Z011E0077,NY,2007,NA,759.163335
Z011E0078,NY,2006,96,720.831665
Z011E0078,NY,2007,NA,805.27389
Z011E0079,NY,2006,NA,NA
Z011E0079,NY,2007,63.5,712.77389
Z011E0080,NY,2006,54,913.634445
Z011E0080,NY,2007,85,759.163335
Z011E0081,NY,2006,NA,NA
Z011E0081,NY,2007,45.5,675.27389
Z011E0082,NY,2006,NA,793.884445
Z011E0082,NY,2007,NA,772.5
Z011E0083,NY,2006,124,778.55278
Z011E0083,NY,2007,113,724.163335
Z011E0084,NY,2006,24,913.634445
Z011E0084,NY,2007,64,748.331665
Z011E0085,NY,2006,54,860.19222
Z011E0085,NY,2007,NA,828.610555
Z011E0086,NY,2006,81,765
Z011E0086,NY,2007,69,684.72111
Z011E0087,NY,2006,57,944.110555
Z011E0087,NY,2007,NA,883.331665
Z011E0088,NY,2006,91,936.94222
Z011E0088,NY,2007,NA,748.331665
Z011E0089,NY,2006,NA,847.05278
Z011E0089,NY,2007,NA,736.94222
Z011E0090,NY,2006,87,812.581665
Z011E0090,NY,2007,NA,724.163335
Z011E0091,NY,2006,NA,832.163335
Z011E0091,NY,2007,30,883.331665
Z011E0092,NY,2006,95,778.55278
Z011E0092,NY,2007,76,736.94222
Z011E0093,NY,2006,69,881.610555
Z011E0093,NY,2007,NA,818.610555
Z011E0094,NY,2006,NA,NA
Z011E0094,NY,2007,NA,856.384445
Z011E0095,NY,2006,124,812.581665
Z011E0095,NY,2007,NA,772.5
Z011E0096,NY,2006,62,870.55278
Z011E0096,NY,2007,87.5,724.163335
Z011E0097,NY,2006,80,847.05278
Z011E0097,NY,2007,NA,818.610555
Z011E0098,NY,2006,NA,924.110555
Z011E0098,NY,2007,36,736.94222
Z011E0099,NY,2006,NA,812.581665
Z011E0099,NY,2007,112,724.163335
Z011E0100,NY,2006,72,881.610555
Z011E0100,NY,2007,80,759.163335
Z011E0101,NY,2006,NA,778.55278
Z011E0101,NY,2007,NA,736.94222
Z011E0102,NY,2006,63,736.72111
Z011E0102,NY,2007,NA,748.331665
Z011E0103,NY,2006,84,860.19222
Z011E0103,NY,2007,79,759.163335
Z011E0104,NY,2006,35,860.19222
Z011E0104,NY,2007,NA,684.72111
Z011E0105,NY,2006,40,778.55278
Z011E0105,NY,2007,NA,698.05278
Z011E0106,NY,2006,65,870.55278
Z011E0106,NY,2007,72.5,748.331665
Z011E0107,NY,2006,51.5,881.610555
Z011E0107,NY,2007,32,856.384445
Z011E0108,NY,2006,NA,NA
Z011E0108,NY,2007,80,736.94222
Z011E0109,NY,2006,60,944.110555
Z011E0109,NY,2007,NA,788.331665
Z011E0110,NY,2006,NA,793.884445
Z011E0110,NY,2007,102,759.163335
Z011E0111,NY,2006,175,720.831665
Z011E0111,NY,2007,NA,698.05278
Z011E0112,NY,2006,NA,924.110555
Z011E0112,NY,2007,NA,788.331665
Z011E0113,NY,2006,NA,870.55278
Z011E0113,NY,2007,62.66666667,748.331665
Z011E0114,NY,2006,75,778.55278
Z011E0114,NY,2007,NA,684.72111
Z011E0115,NY,2006,45,832.163335
Z011E0115,NY,2007,NA,698.05278
Z011E0116,NY,2006,NA,NA
Z011E0116,NY,2007,58,724.163335
Z011E0117,NY,2006,53,736.72111
Z011E0117,NY,2007,103,724.163335
Z011E0118,NY,2006,57,870.55278
Z011E0118,NY,2007,84.5,759.163335
Z011E0119,NY,2006,NA,881.610555
Z011E0119,NY,2007,NA,698.05278
Z011E0120,NY,2006,21,793.884445
Z011E0120,NY,2007,NA,712.77389
Z011E0121,NY,2006,32,930.47111
Z011E0121,NY,2007,NA,772.5
Z011E0122,NY,2006,69,904.77389
Z011E0122,NY,2007,64,759.163335
Z011E0123,NY,2006,NA,964.80278
Z011E0123,NY,2007,NA,788.331665
Z011E0124,NY,2006,NA,964.80278
Z011E0124,NY,2007,NA,818.610555
Z011E0125,NY,2006,66,765
Z011E0125,NY,2007,69.5,724.163335
Z011E0126,NY,2006,46,812.581665
Z011E0126,NY,2007,38,724.163335
Z011E0127,NY,2006,91,812.581665
Z011E0127,NY,2007,NA,748.331665
Z011E0128,NY,2006,71,954.02389
Z011E0128,NY,2007,42,698.05278
Z011E0129,NY,2006,62,870.55278
Z011E0129,NY,2007,NA,759.163335
Z011E0130,NY,2006,NA,NA
Z011E0130,NY,2007,NA,NA
Z011E0131,NY,2006,37,847.05278
Z011E0131,NY,2007,41,736.94222
Z011E0132,NY,2006,NA,NA
Z011E0132,NY,2007,45,772.5
Z011E0133,NY,2006,69,832.163335
Z011E0133,NY,2007,NA,805.27389
Z011E0134,NY,2006,65,765
Z011E0134,NY,2007,72,698.05278
Z011E0135,NY,2006,98,832.163335
Z011E0135,NY,2007,NA,736.94222
Z011E0136,NY,2006,NA,881.610555
Z011E0136,NY,2007,82,698.05278
Z011E0137,NY,2006,NA,NA
Z011E0137,NY,2007,153.5,712.77389
Z011E0138,NY,2006,107,812.581665
Z011E0138,NY,2007,NA,772.5
Z011E0139,NY,2006,46,778.55278
Z011E0139,NY,2007,56,698.05278
Z011E0140,NY,2006,NA,913.634445
Z011E0140,NY,2007,NA,772.5
Z011E0141,NY,2006,84,870.55278
Z011E0141,NY,2007,NA,788.331665
Z011E0142,NY,2006,NA,NA
Z011E0142,NY,2007,NA,759.163335
Z011E0143,NY,2006,108,847.05278
Z011E0143,NY,2007,NA,788.331665
Z011E0144,NY,2006,NA,832.163335
Z011E0144,NY,2007,NA,724.163335
Z011E0145,NY,2006,44,881.610555
Z011E0145,NY,2007,NA,772.5
Z011E0146,NY,2006,96,812.581665
Z011E0146,NY,2007,NA,736.94222
Z011E0147,NY,2006,NA,881.610555
Z011E0147,NY,2007,40,788.331665
Z011E0148,NY,2006,79,793.884445
Z011E0148,NY,2007,NA,712.77389
Z011E0149,NY,2006,44,896.413335
Z011E0149,NY,2007,79,805.27389
Z011E0150,NY,2006,45,812.581665
Z011E0150,NY,2007,68,724.163335
Z011E0151,NY,2006,104,930.47111
Z011E0151,NY,2007,NA,841.663335
Z011E0152,NY,2006,88,736.72111
Z011E0152,NY,2007,71.5,684.72111
Z011E0153,NY,2006,NA,913.634445
Z011E0153,NY,2007,NA,856.384445
Z011E0154,NY,2006,112.5,793.884445
Z011E0154,NY,2007,NA,736.94222
Z011E0155,NY,2006,NA,847.05278
Z011E0155,NY,2007,NA,759.163335
Z011E0156,NY,2006,101,860.19222
Z011E0156,NY,2007,NA,818.610555
Z011E0157,NY,2006,126,832.163335
Z011E0157,NY,2007,NA,788.331665
Z011E0158,NY,2006,NA,936.94222
Z011E0158,NY,2007,39,828.610555
Z011E0159,NY,2006,NA,736.72111
Z011E0159,NY,2007,NA,736.94222
Z011E0160,NY,2006,99,778.55278
Z011E0160,NY,2007,NA,698.05278
Z011E0161,NY,2006,67,913.634445
Z011E0161,NY,2007,NA,736.94222
Z011E0162,NY,2006,57,896.413335
Z011E0162,NY,2007,55,772.5
Z011E0163,NY,2006,84,881.610555
Z011E0163,NY,2007,78,828.610555
Z011E0164,NY,2006,56,832.163335
Z011E0164,NY,2007,57,772.5
Z011E0165,NY,2006,NA,NA
Z011E0165,NY,2007,67,870.27389
Z011E0166,NY,2006,124,778.55278
Z011E0166,NY,2007,NA,805.27389
Z011E0167,NY,2006,NA,778.55278
Z011E0167,NY,2007,89,759.163335
Z011E0168,NY,2006,75,832.163335
Z011E0168,NY,2007,64,805.27389
Z011E0169,NY,2006,NA,NA
Z011E0169,NY,2007,64,870.27389
Z011E0170,NY,2006,77,847.05278
Z011E0170,NY,2007,NA,748.331665
Z011E0171,NY,2006,NA,964.80278
Z011E0171,NY,2007,81,904.163335
Z011E0172,NY,2006,NA,847.05278
Z011E0172,NY,2007,31,805.27389
Z011E0173,NY,2006,NA,964.80278
Z011E0173,NY,2007,NA,883.331665
Z011E0174,NY,2006,NA,812.581665
Z011E0174,NY,2007,79.5,759.163335
Z011E0175,NY,2006,NA,NA
Z011E0175,NY,2007,NA,788.331665
Z011E0176,NY,2006,102,778.55278
Z011E0176,NY,2007,NA,748.331665
Z011E0177,NY,2006,113,812.581665
Z011E0177,NY,2007,69,724.163335
Z011E0178,NY,2006,NA,NA
Z011E0178,NY,2007,55,818.610555
Z011E0179,NY,2006,78,832.163335
Z011E0179,NY,2007,52.5,759.163335
Z011E0180,NY,2006,NA,NA
Z011E0180,NY,2007,54,759.163335
Z011E0181,NY,2006,NA,913.634445
Z011E0181,NY,2007,NA,748.331665
Z011E0182,NY,2006,83,812.581665
Z011E0182,NY,2007,96,698.05278
Z011E0183,NY,2006,NA,896.413335
Z011E0183,NY,2007,NA,788.331665
Z011E0184,NY,2006,NA,881.610555
Z011E0184,NY,2007,77,788.331665
Z011E0185,NY,2006,71,832.163335
Z011E0185,NY,2007,NA,772.5
Z011E0186,NY,2006,75,778.55278
Z011E0186,NY,2007,105,698.05278
Z011E0187,NY,2006,87,720.831665
Z011E0187,NY,2007,85,667.5
Z011E0188,NY,2006,98,870.55278
Z011E0188,NY,2007,14,724.163335
Z011E0189,NY,2006,99,896.413335
Z011E0189,NY,2007,NA,748.331665
Z011E0190,NY,2006,74,832.163335
Z011E0190,NY,2007,NA,805.27389
Z011E0191,NY,2006,NA,NA
Z011E0191,NY,2007,NA,772.5
Z011E0192,NY,2006,105,870.55278
Z011E0192,NY,2007,32,805.27389
Z011E0193,NY,2006,79,870.55278
Z011E0193,NY,2007,NA,818.610555
Z011E0194,NY,2006,NA,954.02389
Z011E0194,NY,2007,NA,736.94222
Z011E0195,NY,2006,NA,NA
Z011E0195,NY,2007,NA,805.27389
Z011E0196,NY,2006,104,896.413335
Z011E0196,NY,2007,NA,788.331665
Z011E0197,NY,2006,67,870.55278
Z011E0197,NY,2007,NA,870.27389
Z011E0198,NY,2006,NA,896.413335
Z011E0198,NY,2007,96,759.163335
Z011E0199,NY,2006,NA,896.413335
Z011E0199,NY,2007,69,805.27389
Z011E0200,NY,2006,NA,NA
Z011E0200,NY,2007,100,724.163335
Z011E0201,NY,2006,103.8888889,876.92489
Z011E0201,NY,2007,100.8571429,809.3725
Z011E0202,NY,2006,54.9,820.7060425
Z011E0202,NY,2007,54.33333333,724.5603179
Z011E0217,NY,2006,NA,NA
Z011E0217,NY,2007,NA,NA
Z011E0226,NY,2006,NA,NA
Z011E0226,NY,2007,NA,NA
Z011E0230,NY,2006,NA,NA
Z011E0230,NY,2007,NA,NA
Z011E0282,NY,2006,NA,NA
Z011E0282,NY,2007,NA,NA
Z012E0001,NY,2006,55,913.634445
Z012E0001,NY,2007,116,870.27389
Z012E0002,NY,2006,NA,896.413335
Z012E0002,NY,2007,NA,805.27389
Z012E0003,NY,2006,96,870.55278
Z012E0003,NY,2007,NA,828.610555
Z012E0004,NY,2006,42,964.80278
Z012E0004,NY,2007,57,1000.27389
Z012E0005,NY,2006,92,964.80278
Z012E0005,NY,2007,NA,883.331665
Z012E0006,NY,2006,73,NA
Z012E0006,NY,2007,NA,949.163335
Z012E0007,NY,2006,46,964.80278
Z012E0007,NY,2007,67,949.163335
Z012E0008,NY,2006,NA,NA
Z012E0008,NY,2007,NA,788.331665
Z012E0009,NY,2006,82,936.94222
Z012E0009,NY,2007,110,896.110555
Z012E0010,NY,2006,NA,964.80278
Z012E0010,NY,2007,NA,1000.27389
Z012E0011,NY,2006,115,924.110555
Z012E0011,NY,2007,79,938.884445
Z012E0012,NY,2006,89.5,896.413335
Z012E0012,NY,2007,NA,916.110555
Z012E0013,NY,2006,46,832.163335
Z012E0013,NY,2007,NA,788.331665
Z012E0014,NY,2006,87,870.55278
Z012E0014,NY,2007,85,818.610555
Z012E0015,NY,2006,85,964.80278
Z012E0015,NY,2007,28,856.384445
Z012E0016,NY,2006,47,936.94222
Z012E0016,NY,2007,NA,788.331665
Z012E0017,NY,2006,132,870.55278
Z012E0017,NY,2007,NA,883.331665
Z012E0018,NY,2006,96,964.80278
Z012E0018,NY,2007,NA,949.163335
Z012E0019,NY,2006,19,964.80278
Z012E0019,NY,2007,32,NA
Z012E0020,NY,2006,71,930.47111
Z012E0020,NY,2007,NA,916.110555
Z012E0021,NY,2006,164,778.55278
Z012E0021,NY,2007,97,896.110555
Z012E0022,NY,2006,75,964.80278
Z012E0022,NY,2007,32,1005.27389
Z012E0023,NY,2006,58,NA
Z012E0023,NY,2007,NA,883.331665
Z012E0024,NY,2006,NA,NA
Z012E0024,NY,2007,75,938.884445
Z012E0025,NY,2006,86,964.80278
Z012E0025,NY,2007,32,NA
Z012E0026,NY,2006,83,904.77389
Z012E0026,NY,2007,NA,856.384445
Z012E0027,NY,2006,NA,964.80278
Z012E0027,NY,2007,NA,1005.27389
Z012E0028,NY,2006,NA,964.80278
Z012E0028,NY,2007,NA,904.163335
Z012E0029,NY,2006,53,964.80278
Z012E0029,NY,2007,63,930.831665
Z012E0030,NY,2006,NA,936.94222
Z012E0030,NY,2007,117,916.110555
Z012E0031,NY,2006,112,936.94222
Z012E0031,NY,2007,103,916.110555
Z012E0032,NY,2006,43,964.80278
Z012E0032,NY,2007,NA,1005.27389
Z012E0033,NY,2006,92,936.94222
Z012E0033,NY,2007,69,896.110555
Z012E0034,NY,2006,63,930.47111
Z012E0034,NY,2007,54,916.110555
Z012E0035,NY,2006,32,NA
Z012E0035,NY,2007,68,972.77389
Z012E0036,NY,2006,109,964.80278
Z012E0036,NY,2007,44,938.884445
Z012E0037,NY,2006,51,964.80278
Z012E0037,NY,2007,52,938.884445
Z012E0038,NY,2006,NA,NA
Z012E0038,NY,2007,NA,961.110555
Z012E0039,NY,2006,89,896.413335
Z012E0039,NY,2007,NA,916.110555
Z012E0040,NY,2006,71,964.80278
Z012E0040,NY,2007,NA,1005.27389
Z012E0041,NY,2006,62,964.80278
Z012E0041,NY,2007,117,841.663335
Z012E0042,NY,2006,135,964.80278
Z012E0042,NY,2007,89.5,930.831665
Z012E0043,NY,2006,103,904.77389
Z012E0043,NY,2007,NA,828.610555
Z012E0044,NY,2006,56,964.80278
Z012E0044,NY,2007,40,961.110555
Z012E0045,NY,2006,94,964.80278
Z012E0045,NY,2007,75,985.831665
Z012E0046,NY,2006,NA,964.80278
Z012E0046,NY,2007,NA,883.331665
Z012E0047,NY,2006,90,964.80278
Z012E0047,NY,2007,NA,930.831665
Z012E0048,NY,2006,51,936.94222
Z012E0048,NY,2007,87.5,896.110555
Z012E0049,NY,2006,NA,964.80278
Z012E0049,NY,2007,53,938.884445
Z012E0050,NY,2006,107.5,944.110555
Z012E0050,NY,2007,NA,961.110555
Z012E0051,NY,2006,68,964.80278
Z012E0051,NY,2007,70,938.884445
Z012E0052,NY,2006,NA,NA
Z012E0052,NY,2007,34,994.163335
Z012E0053,NY,2006,42,964.80278
Z012E0053,NY,2007,38,994.163335
Z012E0054,NY,2006,131,904.77389
Z012E0054,NY,2007,19,883.331665
Z012E0055,NY,2006,83,896.413335
Z012E0055,NY,2007,NA,828.610555
Z012E0056,NY,2006,79,964.80278
Z012E0056,NY,2007,NA,930.831665
Z012E0057,NY,2006,47,936.94222
Z012E0057,NY,2007,NA,896.110555
Z012E0058,NY,2006,53,NA
Z012E0058,NY,2007,NA,985.831665
Z012E0059,NY,2006,86.5,964.80278
Z012E0059,NY,2007,NA,930.831665
Z012E0060,NY,2006,70,896.413335
Z012E0060,NY,2007,NA,883.331665
Z012E0061,NY,2006,NA,NA
Z012E0061,NY,2007,NA,1005.27389
Z012E0062,NY,2006,73,964.80278
Z012E0062,NY,2007,82,1005.27389
Z012E0063,NY,2006,106,964.80278
Z012E0063,NY,2007,89,930.831665
Z012E0064,NY,2006,67,964.80278
Z012E0064,NY,2007,NA,828.610555
Z012E0065,NY,2006,124.5,904.77389
Z012E0065,NY,2007,NA,856.384445
Z012E0066,NY,2006,51,913.634445
Z012E0066,NY,2007,64,904.163335
Z012E0067,NY,2006,84,930.47111
Z012E0067,NY,2007,NA,883.331665
Z012E0068,NY,2006,76.5,896.413335
Z012E0068,NY,2007,114,828.610555
Z012E0069,NY,2006,109,936.94222
Z012E0069,NY,2007,70,904.163335
Z012E0070,NY,2006,55,964.80278
Z012E0070,NY,2007,NA,904.163335
Z012E0071,NY,2006,64,964.80278
Z012E0071,NY,2007,NA,1005.27389
Z012E0072,NY,2006,75,964.80278
Z012E0072,NY,2007,105,994.163335
Z012E0073,NY,2006,NA,964.80278
Z012E0073,NY,2007,NA,1005.27389
Z012E0074,NY,2006,79,936.94222
Z012E0074,NY,2007,NA,883.331665
Z012E0075,NY,2006,NA,964.80278
Z012E0075,NY,2007,59,930.831665
Z012E0076,NY,2006,71,954.02389
Z012E0076,NY,2007,63,NA
Z012E0077,NY,2006,129,913.634445
Z012E0077,NY,2007,NA,883.331665
Z012E0078,NY,2006,NA,NA
Z012E0078,NY,2007,34,904.163335
Z012E0079,NY,2006,92,964.80278
Z012E0079,NY,2007,NA,1005.27389
Z012E0080,NY,2006,NA,964.80278
Z012E0080,NY,2007,NA,904.163335
Z012E0081,NY,2006,66.5,NA
Z012E0081,NY,2007,78,938.884445
Z012E0082,NY,2006,101,936.94222
Z012E0082,NY,2007,NA,870.27389
Z012E0083,NY,2006,77,964.80278
Z012E0083,NY,2007,51,994.163335
Z012E0084,NY,2006,130,936.94222
Z012E0084,NY,2007,73.5,870.27389
Z012E0085,NY,2006,104.5,954.02389
Z012E0085,NY,2007,NA,938.884445
Z012E0086,NY,2006,80,954.02389
Z012E0086,NY,2007,NA,949.163335
Z012E0087,NY,2006,85,964.80278
Z012E0087,NY,2007,NA,1005.27389
Z012E0088,NY,2006,31,NA
Z012E0088,NY,2007,NA,1005.27389
Z012E0089,NY,2006,71,954.02389
Z012E0089,NY,2007,NA,949.163335
Z012E0090,NY,2006,83.33333333,904.77389
Z012E0090,NY,2007,NA,828.610555
Z012E0091,NY,2006,80,964.80278
Z012E0091,NY,2007,116,896.110555
Z012E0092,NY,2006,71,904.77389
Z012E0092,NY,2007,77,818.610555
Z012E0093,NY,2006,64,964.80278
Z012E0093,NY,2007,NA,1005.27389
Z012E0094,NY,2006,NA,964.80278
Z012E0094,NY,2007,NA,NA
Z012E0095,NY,2006,120,964.80278
Z012E0095,NY,2007,NA,930.831665
Z012E0096,NY,2006,NA,NA
Z012E0096,NY,2007,52,938.884445
Z012E0097,NY,2006,95,964.80278
Z012E0097,NY,2007,NA,1005.27389
Z012E0098,NY,2006,33,964.80278
Z012E0098,NY,2007,15,1005.27389
Z012E0099,NY,2006,NA,964.80278
Z012E0099,NY,2007,NA,994.163335
Z012E0100,NY,2006,NA,964.80278
Z012E0100,NY,2007,NA,916.110555
Z012E0101,NY,2006,NA,964.80278
Z012E0101,NY,2007,53.5,828.610555
Z012E0102,NY,2006,104,936.94222
Z012E0102,NY,2007,NA,870.27389
Z012E0103,NY,2006,110,936.94222
Z012E0103,NY,2007,NA,818.610555
Z012E0104,NY,2006,113,913.634445
Z012E0104,NY,2007,102,805.27389
Z012E0105,NY,2006,78,964.80278
Z012E0105,NY,2007,45,994.163335
Z012E0106,NY,2006,142,896.413335
Z012E0106,NY,2007,NA,841.663335
Z012E0107,NY,2006,NA,936.94222
Z012E0107,NY,2007,NA,904.163335
Z012E0108,NY,2006,NA,936.94222
Z012E0108,NY,2007,153,788.331665
Z012E0109,NY,2006,82,964.80278
Z012E0109,NY,2007,NA,1005.27389
Z012E0110,NY,2006,96.5,964.80278
Z012E0110,NY,2007,90,904.163335
Z012E0111,NY,2006,130,870.55278
Z012E0111,NY,2007,NA,828.610555
Z012E0112,NY,2006,90,964.80278
Z012E0112,NY,2007,22,930.831665
Z012E0113,NY,2006,97,904.77389
Z012E0113,NY,2007,NA,818.610555
Z012E0114,NY,2006,113,881.610555
Z012E0114,NY,2007,74,841.663335
Z012E0115,NY,2006,NA,964.80278
Z012E0115,NY,2007,55,961.110555
Z012E0116,NY,2006,132,930.47111
Z012E0116,NY,2007,NA,841.663335
Z012E0117,NY,2006,93,964.80278
Z012E0117,NY,2007,45,916.110555
Z012E0118,NY,2006,NA,936.94222
Z012E0118,NY,2007,101,916.110555
Z012E0119,NY,2006,81.5,936.94222
Z012E0119,NY,2007,NA,896.110555
Z012E0120,NY,2006,NA,964.80278
Z012E0120,NY,2007,NA,NA
Z012E0121,NY,2006,120,954.02389
Z012E0121,NY,2007,NA,896.110555
Z012E0122,NY,2006,NA,964.80278
Z012E0122,NY,2007,119,938.884445
Z012E0123,NY,2006,104,964.80278
Z012E0123,NY,2007,55.5,972.77389
Z012E0124,NY,2006,81,964.80278
Z012E0124,NY,2007,NA,961.110555
Z012E0125,NY,2006,NA,NA
Z012E0125,NY,2007,NA,994.163335
Z012E0126,NY,2006,91,964.80278
Z012E0126,NY,2007,75,883.331665
Z012E0127,NY,2006,68,964.80278
Z012E0127,NY,2007,NA,961.110555
Z012E0128,NY,2006,122,930.47111
Z012E0128,NY,2007,NA,883.331665
Z012E0129,NY,2006,81,964.80278
Z012E0129,NY,2007,NA,938.884445
Z012E0130,NY,2006,NA,964.80278
Z012E0130,NY,2007,NA,1005.27389
Z012E0131,NY,2006,92,964.80278
Z012E0131,NY,2007,NA,NA
Z012E0132,NY,2006,NA,964.80278
Z012E0132,NY,2007,NA,938.884445
Z012E0133,NY,2006,NA,913.634445
Z012E0133,NY,2007,46,916.110555
Z012E0134,NY,2006,149.5,904.77389
Z012E0134,NY,2007,81,896.110555
Z012E0135,NY,2006,60.5,964.80278
Z012E0135,NY,2007,71.5,1000.27389
Z012E0136,NY,2006,81,964.80278
Z012E0136,NY,2007,NA,938.884445
Z012E0137,NY,2006,NA,NA
Z012E0137,NY,2007,NA,NA
Z012E0138,NY,2006,NA,NA
Z012E0138,NY,2007,NA,904.163335
Z012E0139,NY,2006,NA,964.80278
Z012E0139,NY,2007,NA,961.110555
Z012E0140,NY,2006,103.5,964.80278
Z012E0140,NY,2007,NA,916.110555
Z012E0141,NY,2006,75,964.80278
Z012E0141,NY,2007,NA,994.163335
Z012E0142,NY,2006,71,964.80278
Z012E0142,NY,2007,NA,1005.27389
Z012E0143,NY,2006,113,936.94222
Z012E0143,NY,2007,NA,896.110555
Z012E0144,NY,2006,104,964.80278
Z012E0144,NY,2007,NA,916.110555
Z012E0145,NY,2006,97,964.80278
Z012E0145,NY,2007,NA,904.163335
Z012E0146,NY,2006,77,954.02389
Z012E0146,NY,2007,NA,896.110555
Z012E0147,NY,2006,60,964.80278
Z012E0147,NY,2007,80,1005.27389
Z012E0148,NY,2006,NA,964.80278
Z012E0148,NY,2007,NA,NA
Z012E0149,NY,2006,88.5,944.110555
Z012E0149,NY,2007,69.5,870.27389
Z012E0150,NY,2006,58,964.80278
Z012E0150,NY,2007,NA,994.163335
Z012E0151,NY,2006,98.5,936.94222
Z012E0151,NY,2007,NA,904.163335
Z012E0152,NY,2006,NA,964.80278
Z012E0152,NY,2007,NA,1005.27389
Z012E0153,NY,2006,NA,847.05278
Z012E0153,NY,2007,140,883.331665
Z012E0154,NY,2006,71,964.80278
Z012E0154,NY,2007,70,904.163335
Z012E0155,NY,2006,50,936.94222
Z012E0155,NY,2007,NA,856.384445
Z012E0156,NY,2006,76.5,964.80278
Z012E0156,NY,2007,NA,930.831665
Z012E0157,NY,2006,43,944.110555
Z012E0157,NY,2007,NA,938.884445
Z012E0158,NY,2006,65,NA
Z012E0158,NY,2007,77,994.163335
Z012E0159,NY,2006,NA,NA
Z012E0159,NY,2007,NA,NA
Z012E0160,NY,2006,NA,NA
Z012E0160,NY,2007,NA,961.110555
Z012E0161,NY,2006,48,954.02389
Z012E0161,NY,2007,88,904.163335
Z012E0162,NY,2006,NA,904.77389
Z012E0162,NY,2007,NA,916.110555
Z012E0163,NY,2006,149,896.413335
Z012E0163,NY,2007,NA,896.110555
Z012E0164,NY,2006,NA,964.80278
Z012E0164,NY,2007,NA,972.77389
Z012E0165,NY,2006,93,904.77389
Z012E0165,NY,2007,80,930.831665
Z012E0166,NY,2006,25,964.80278
Z012E0166,NY,2007,NA,NA
Z012E0167,NY,2006,NA,964.80278
Z012E0167,NY,2007,NA,NA
Z012E0168,NY,2006,NA,924.110555
Z012E0168,NY,2007,NA,818.610555
Z012E0169,NY,2006,37.5,964.80278
Z012E0169,NY,2007,NA,1005.27389
Z012E0170,NY,2006,155,930.47111
Z012E0170,NY,2007,NA,828.610555
Z012E0171,NY,2006,100,936.94222
Z012E0171,NY,2007,108,904.163335
Z012E0172,NY,2006,72.5,924.110555
Z012E0172,NY,2007,81,896.110555
Z012E0173,NY,2006,91,954.02389
Z012E0173,NY,2007,56,NA
Z012E0174,NY,2006,112,964.80278
Z012E0174,NY,2007,NA,938.884445
Z012E0175,NY,2006,NA,964.80278
Z012E0175,NY,2007,85,980.831665
Z012E0176,NY,2006,136,881.610555
Z012E0176,NY,2007,NA,896.110555
Z012E0177,NY,2006,95,NA
Z012E0177,NY,2007,125,916.110555
Z012E0178,NY,2006,101,944.110555
Z012E0178,NY,2007,91,916.110555
Z012E0179,NY,2006,119,964.80278
Z012E0179,NY,2007,48,896.110555
Z012E0180,NY,2006,84,936.94222
Z012E0180,NY,2007,52,916.110555
Z012E0181,NY,2006,57,NA
Z012E0181,NY,2007,73,883.331665
Z012E0182,NY,2006,73,936.94222
Z012E0182,NY,2007,NA,883.331665
Z012E0183,NY,2006,NA,964.80278
Z012E0183,NY,2007,70,949.163335
Z012E0184,NY,2006,51,NA
Z012E0184,NY,2007,NA,805.27389
Z012E0185,NY,2006,NA,954.02389
Z012E0185,NY,2007,NA,1005.27389
Z012E0186,NY,2006,115,964.80278
Z012E0186,NY,2007,NA,916.110555
Z012E0187,NY,2006,107,860.19222
Z012E0187,NY,2007,NA,841.663335
Z012E0188,NY,2006,NA,936.94222
Z012E0188,NY,2007,NA,896.110555
Z012E0189,NY,2006,NA,964.80278
Z012E0189,NY,2007,76,1005.27389
Z012E0190,NY,2006,94,930.47111
Z012E0190,NY,2007,44.5,916.110555
Z012E0191,NY,2006,98,NA
Z012E0191,NY,2007,55,949.163335
Z012E0192,NY,2006,54,964.80278
Z012E0192,NY,2007,51,980.831665
Z012E0193,NY,2006,NA,964.80278
Z012E0193,NY,2007,61,961.110555
Z012E0194,NY,2006,NA,964.80278
Z012E0194,NY,2007,NA,916.110555
Z012E0195,NY,2006,49.5,936.94222
Z012E0195,NY,2007,NA,938.884445
Z012E0196,NY,2006,61,954.02389
Z012E0196,NY,2007,34,1005.27389
Z012E0197,NY,2006,79,964.80278
Z012E0197,NY,2007,NA,904.163335
Z012E0198,NY,2006,67,913.634445
Z012E0198,NY,2007,NA,916.110555
Z012E0199,NY,2006,31,964.80278
Z012E0199,NY,2007,36,994.163335
Z012E0200,NY,2006,NA,964.80278
Z012E0200,NY,2007,NA,1005.27389
Z012E0201,NY,2006,110.7142857,875.602779
Z012E0201,NY,2007,92.28571429,837.1850006
Z012E0202,NY,2006,45,941.25278
Z012E0202,NY,2007,64,1005.27389
Z012E0231,NY,2006,NA,NA
Z012E0231,NY,2007,NA,NA
Z012E0260,NY,2006,NA,NA
Z012E0260,NY,2007,NA,NA
Z012E0278,NY,2006,NA,NA
Z012E0278,NY,2007,NA,NA
Z013E0001,NY,2006,NA,NA
Z013E0001,NY,2007,NA,828.610555
Z013E0002,NY,2006,NA,847.05278
Z013E0002,NY,2007,NA,841.663335
Z013E0003,NY,2006,60,964.80278
Z013E0003,NY,2007,NA,883.331665
Z013E0004,NY,2006,NA,913.634445
Z013E0004,NY,2007,76,841.663335
Z013E0005,NY,2006,49,964.80278
Z013E0005,NY,2007,84,904.163335
Z013E0006,NY,2006,96,944.110555
Z013E0006,NY,2007,90,904.163335
Z013E0007,NY,2006,120,896.413335
Z013E0007,NY,2007,54,896.110555
Z013E0008,NY,2006,108,936.94222
Z013E0008,NY,2007,NA,818.610555
Z013E0009,NY,2006,79,904.77389
Z013E0009,NY,2007,57,856.384445
Z013E0010,NY,2006,126,913.634445
Z013E0010,NY,2007,125,883.331665
Z013E0011,NY,2006,135,964.80278
Z013E0011,NY,2007,88,938.884445
Z013E0012,NY,2006,110,NA
Z013E0012,NY,2007,143,961.110555
Z013E0013,NY,2006,42,964.80278
Z013E0013,NY,2007,NA,916.110555
Z013E0014,NY,2006,53,964.80278
Z013E0014,NY,2007,62,841.663335
Z013E0015,NY,2006,NA,924.110555
Z013E0015,NY,2007,NA,916.110555
Z013E0016,NY,2006,79,NA
Z013E0016,NY,2007,NA,938.884445
Z013E0017,NY,2006,69,964.80278
Z013E0017,NY,2007,68,916.110555
Z013E0018,NY,2006,NA,964.80278
Z013E0018,NY,2007,80,949.163335
Z013E0019,NY,2006,89,954.02389
Z013E0019,NY,2007,NA,856.384445
Z013E0020,NY,2006,81,944.110555
Z013E0020,NY,2007,NA,896.110555
Z013E0021,NY,2006,83,936.94222
Z013E0021,NY,2007,NA,856.384445
Z013E0022,NY,2006,112,913.634445
Z013E0022,NY,2007,NA,916.110555
Z013E0023,NY,2006,NA,904.77389
Z013E0023,NY,2007,42,904.163335
Z013E0024,NY,2006,NA,964.80278
Z013E0024,NY,2007,82,870.27389
Z013E0025,NY,2006,146,904.77389
Z013E0025,NY,2007,53,938.884445
Z013E0026,NY,2006,73,936.94222
Z013E0026,NY,2007,90,856.384445
Z013E0027,NY,2006,60,896.413335
Z013E0027,NY,2007,NA,828.610555
Z013E0028,NY,2006,116,832.163335
Z013E0028,NY,2007,NA,828.610555
Z013E0029,NY,2006,54,913.634445
Z013E0029,NY,2007,82,856.384445
Z013E0030,NY,2006,82,924.110555
Z013E0030,NY,2007,NA,870.27389
Z013E0031,NY,2006,NA,NA
Z013E0031,NY,2007,111,841.663335
Z013E0032,NY,2006,77,812.581665
Z013E0032,NY,2007,63,805.27389
Z013E0033,NY,2006,80,954.02389
Z013E0033,NY,2007,NA,828.610555
Z013E0034,NY,2006,99,913.634445
Z013E0034,NY,2007,NA,805.27389
Z013E0035,NY,2006,54,964.80278
Z013E0035,NY,2007,77,961.110555
Z013E0036,NY,2006,NA,964.80278
Z013E0036,NY,2007,46,961.110555
Z013E0037,NY,2006,61,964.80278
Z013E0037,NY,2007,NA,961.110555
Z013E0038,NY,2006,56,881.610555
Z013E0038,NY,2007,NA,788.331665
Z013E0039,NY,2006,93,944.110555
Z013E0039,NY,2007,66,930.831665
Z013E0040,NY,2006,108,924.110555
Z013E0040,NY,2007,58.5,883.331665
Z013E0041,NY,2006,89,812.581665
Z013E0041,NY,2007,NA,805.27389
Z013E0042,NY,2006,91,870.55278
Z013E0042,NY,2007,40,856.384445
Z013E0043,NY,2006,76,936.94222
Z013E0043,NY,2007,NA,904.163335
Z013E0044,NY,2006,42,964.80278
Z013E0044,NY,2007,63,930.831665
Z013E0045,NY,2006,NA,964.80278
Z013E0045,NY,2007,NA,883.331665
Z013E0046,NY,2006,120,904.77389
Z013E0046,NY,2007,64,904.163335
Z013E0047,NY,2006,29,964.80278
Z013E0047,NY,2007,79,930.831665
Z013E0048,NY,2006,64,964.80278
Z013E0048,NY,2007,NA,856.384445
Z013E0049,NY,2006,57,964.80278
Z013E0049,NY,2007,NA,883.331665
Z013E0050,NY,2006,92,944.110555
Z013E0050,NY,2007,NA,NA
Z013E0051,NY,2006,91,964.80278
Z013E0051,NY,2007,68,818.610555
Z013E0052,NY,2006,45,954.02389
Z013E0052,NY,2007,82,916.110555
Z013E0053,NY,2006,36,954.02389
Z013E0053,NY,2007,NA,938.884445
Z013E0054,NY,2006,NA,896.413335
Z013E0054,NY,2007,NA,883.331665
Z013E0055,NY,2006,125,930.47111
Z013E0055,NY,2007,69,870.27389
Z013E0056,NY,2006,52,944.110555
Z013E0056,NY,2007,100,870.27389
Z013E0057,NY,2006,67.5,954.02389
Z013E0057,NY,2007,NA,883.331665
Z013E0058,NY,2006,62,964.80278
Z013E0058,NY,2007,46,856.384445
Z013E0059,NY,2006,88,870.55278
Z013E0059,NY,2007,NA,805.27389
Z013E0060,NY,2006,72,896.413335
Z013E0060,NY,2007,77,896.110555
Z013E0061,NY,2006,NA,944.110555
Z013E0061,NY,2007,NA,841.663335
Z013E0062,NY,2006,56,944.110555
Z013E0062,NY,2007,62,883.331665
Z013E0063,NY,2006,50,936.94222
Z013E0063,NY,2007,110,828.610555
Z013E0064,NY,2006,111,812.581665
Z013E0064,NY,2007,115,724.163335
Z013E0065,NY,2006,93,913.634445
Z013E0065,NY,2007,NA,818.610555
Z013E0066,NY,2006,26,NA
Z013E0066,NY,2007,NA,896.110555
Z013E0067,NY,2006,111,944.110555
Z013E0067,NY,2007,NA,904.163335
Z013E0068,NY,2006,117,904.77389
Z013E0068,NY,2007,NA,870.27389
Z013E0069,NY,2006,99,913.634445
Z013E0069,NY,2007,95,896.110555
Z013E0070,NY,2006,92.5,896.413335
Z013E0070,NY,2007,136,841.663335
Z013E0071,NY,2006,140,936.94222
Z013E0071,NY,2007,68,856.384445
Z013E0072,NY,2006,128,870.55278
Z013E0072,NY,2007,NA,896.110555
Z013E0073,NY,2006,46,964.80278
Z013E0073,NY,2007,51,856.384445
Z013E0074,NY,2006,67,913.634445
Z013E0074,NY,2007,NA,870.27389
Z013E0075,NY,2006,49,913.634445
Z013E0075,NY,2007,NA,818.610555
Z013E0076,NY,2006,46,NA
Z013E0076,NY,2007,101,805.27389
Z013E0077,NY,2006,85,870.55278
Z013E0077,NY,2007,NA,896.110555
Z013E0078,NY,2006,56,913.634445
Z013E0078,NY,2007,51,883.331665
Z013E0079,NY,2006,98,870.55278
Z013E0079,NY,2007,90,788.331665
Z013E0080,NY,2006,75,913.634445
Z013E0080,NY,2007,59,883.331665
Z013E0081,NY,2006,66,913.634445
Z013E0081,NY,2007,135,870.27389
Z013E0082,NY,2006,NA,930.47111
Z013E0082,NY,2007,89,870.27389
Z013E0083,NY,2006,65,NA
Z013E0083,NY,2007,NA,938.884445
Z013E0084,NY,2006,NA,964.80278
Z013E0084,NY,2007,44,961.110555
Z013E0085,NY,2006,51,NA
Z013E0085,NY,2007,NA,916.110555
Z013E0086,NY,2006,88,944.110555
Z013E0086,NY,2007,NA,828.610555
Z013E0087,NY,2006,110,870.55278
Z013E0087,NY,2007,NA,856.384445
Z013E0088,NY,2006,84,954.02389
Z013E0088,NY,2007,79,916.110555
Z013E0089,NY,2006,126,870.55278
Z013E0089,NY,2007,NA,870.27389
Z013E0090,NY,2006,115,860.19222
Z013E0090,NY,2007,81,870.27389
Z013E0091,NY,2006,66,913.634445
Z013E0091,NY,2007,82,870.27389
Z013E0092,NY,2006,66,870.55278
Z013E0092,NY,2007,NA,841.663335
Z013E0093,NY,2006,68,904.77389
Z013E0093,NY,2007,62,856.384445
Z013E0094,NY,2006,44,964.80278
Z013E0094,NY,2007,NA,904.163335
Z013E0095,NY,2006,134,913.634445
Z013E0095,NY,2007,NA,841.663335
Z013E0096,NY,2006,82,924.110555
Z013E0096,NY,2007,NA,805.27389
Z013E0097,NY,2006,104,944.110555
Z013E0097,NY,2007,98,856.384445
Z013E0098,NY,2006,81,964.80278
Z013E0098,NY,2007,18,883.331665
Z013E0099,NY,2006,58,896.413335
Z013E0099,NY,2007,64,828.610555
Z013E0100,NY,2006,55,936.94222
Z013E0100,NY,2007,88,870.27389
Z013E0101,NY,2006,68,913.634445
Z013E0101,NY,2007,64,805.27389
Z013E0102,NY,2006,NA,NA
Z013E0102,NY,2007,NA,828.610555
Z013E0103,NY,2006,81,944.110555
Z013E0103,NY,2007,NA,841.663335
Z013E0104,NY,2006,110,870.55278
Z013E0104,NY,2007,105,896.110555
Z013E0105,NY,2006,117,832.163335
Z013E0105,NY,2007,NA,856.384445
Z013E0106,NY,2006,54,944.110555
Z013E0106,NY,2007,115,841.663335
Z013E0107,NY,2006,167,832.163335
Z013E0107,NY,2007,36,870.27389
Z013E0108,NY,2006,24,964.80278
Z013E0108,NY,2007,NA,818.610555
Z013E0109,NY,2006,107,870.55278
Z013E0109,NY,2007,NA,896.110555
Z013E0110,NY,2006,62,944.110555
Z013E0110,NY,2007,100,856.384445
Z013E0111,NY,2006,51,944.110555
Z013E0111,NY,2007,55,818.610555
Z013E0112,NY,2006,34,964.80278
Z013E0112,NY,2007,NA,904.163335
Z013E0113,NY,2006,181,881.610555
Z013E0113,NY,2007,71,805.27389
Z013E0114,NY,2006,47,964.80278
Z013E0114,NY,2007,60,896.110555
Z013E0115,NY,2006,75,881.610555
Z013E0115,NY,2007,88,828.610555
Z013E0116,NY,2006,73,936.94222
Z013E0116,NY,2007,73,841.663335
Z013E0117,NY,2006,106,847.05278
Z013E0117,NY,2007,NA,841.663335
Z013E0118,NY,2006,50,964.80278
Z013E0118,NY,2007,NA,930.831665
Z013E0119,NY,2006,68,832.163335
Z013E0119,NY,2007,NA,828.610555
Z013E0120,NY,2006,37,964.80278
Z013E0120,NY,2007,54,904.163335
Z013E0121,NY,2006,61,964.80278
Z013E0121,NY,2007,NA,841.663335
Z013E0122,NY,2006,91,924.110555
Z013E0122,NY,2007,93,818.610555
Z013E0123,NY,2006,143,870.55278
Z013E0123,NY,2007,114,805.27389
Z013E0124,NY,2006,28,954.02389
Z013E0124,NY,2007,23,856.384445
Z013E0125,NY,2006,NA,870.55278
Z013E0125,NY,2007,NA,841.663335
Z013E0126,NY,2006,48,847.05278
Z013E0126,NY,2007,49,788.331665
Z013E0127,NY,2006,104,944.110555
Z013E0127,NY,2007,77,930.831665
Z013E0128,NY,2006,106,964.80278
Z013E0128,NY,2007,NA,883.331665
Z013E0129,NY,2006,75,904.77389
Z013E0129,NY,2007,52,870.27389
Z013E0130,NY,2006,74,964.80278
Z013E0130,NY,2007,NA,841.663335
Z013E0131,NY,2006,45,881.610555
Z013E0131,NY,2007,NA,856.384445
Z013E0132,NY,2006,104,913.634445
Z013E0132,NY,2007,NA,883.331665
Z013E0133,NY,2006,97,930.47111
Z013E0133,NY,2007,49,NA
Z013E0134,NY,2006,51,964.80278
Z013E0134,NY,2007,NA,896.110555
Z013E0135,NY,2006,45,964.80278
Z013E0135,NY,2007,21,949.163335
Z013E0136,NY,2006,NA,NA
Z013E0136,NY,2007,78,896.110555
Z013E0137,NY,2006,65,930.47111
Z013E0137,NY,2007,NA,883.331665
Z013E0138,NY,2006,70,954.02389
Z013E0138,NY,2007,59,883.331665
Z013E0139,NY,2006,122,860.19222
Z013E0139,NY,2007,NA,805.27389
Z013E0140,NY,2006,70,812.581665
Z013E0140,NY,2007,32,841.663335
Z013E0141,NY,2006,62,964.80278
Z013E0141,NY,2007,112,896.110555
Z013E0142,NY,2006,NA,NA
Z013E0142,NY,2007,65,904.163335
Z013E0143,NY,2006,73,913.634445
Z013E0143,NY,2007,NA,883.331665
Z013E0144,NY,2006,131,NA
Z013E0144,NY,2007,78,916.110555
Z013E0145,NY,2006,NA,936.94222
Z013E0145,NY,2007,84,870.27389
Z013E0146,NY,2006,44,944.110555
Z013E0146,NY,2007,NA,856.384445
Z013E0147,NY,2006,84,944.110555
Z013E0147,NY,2007,NA,961.110555
Z013E0148,NY,2006,25,964.80278
Z013E0148,NY,2007,64,896.110555
Z013E0149,NY,2006,59,964.80278
Z013E0149,NY,2007,50,904.163335
Z013E0150,NY,2006,75,936.94222
Z013E0150,NY,2007,NA,883.331665
Z013E0151,NY,2006,NA,NA
Z013E0151,NY,2007,34,916.110555
Z013E0152,NY,2006,68,NA
Z013E0152,NY,2007,NA,930.831665
Z013E0153,NY,2006,43,964.80278
Z013E0153,NY,2007,NA,904.163335
Z013E0154,NY,2006,148,896.413335
Z013E0154,NY,2007,115,818.610555
Z013E0155,NY,2006,40,964.80278
Z013E0155,NY,2007,NA,938.884445
Z013E0156,NY,2006,77,NA
Z013E0156,NY,2007,52,938.884445
Z013E0157,NY,2006,59,847.05278
Z013E0157,NY,2007,89,772.5
Z013E0158,NY,2006,52,964.80278
Z013E0158,NY,2007,76,949.163335
Z013E0159,NY,2006,51,964.80278
Z013E0159,NY,2007,82,883.331665
Z013E0160,NY,2006,60,964.80278
Z013E0160,NY,2007,NA,949.163335
Z013E0161,NY,2006,NA,964.80278
Z013E0161,NY,2007,NA,904.163335
Z013E0162,NY,2006,NA,964.80278
Z013E0162,NY,2007,68.5,930.831665
Z013E0163,NY,2006,NA,NA
Z013E0163,NY,2007,NA,841.663335
Z013E0164,NY,2006,49,904.77389
Z013E0164,NY,2007,33,856.384445
Z013E0165,NY,2006,89,936.94222
Z013E0165,NY,2007,74,904.163335
Z013E0166,NY,2006,57,964.80278
Z013E0166,NY,2007,NA,938.884445
Z013E0167,NY,2006,18,NA
Z013E0167,NY,2007,50,930.831665
Z013E0168,NY,2006,64,944.110555
Z013E0168,NY,2007,NA,870.27389
Z013E0169,NY,2006,NA,964.80278
Z013E0169,NY,2007,NA,856.384445
Z013E0170,NY,2006,NA,NA
Z013E0170,NY,2007,53,930.831665
Z013E0171,NY,2006,120,896.413335
Z013E0171,NY,2007,NA,856.384445
Z013E0172,NY,2006,48,NA
Z013E0172,NY,2007,77,896.110555
Z013E0173,NY,2006,NA,936.94222
Z013E0173,NY,2007,55.5,828.610555
Z013E0174,NY,2006,29,964.80278
Z013E0174,NY,2007,138,883.331665
Z013E0175,NY,2006,NA,NA
Z013E0175,NY,2007,NA,856.384445
Z013E0176,NY,2006,NA,964.80278
Z013E0176,NY,2007,107,870.27389
Z013E0177,NY,2006,24,964.80278
Z013E0177,NY,2007,28,938.884445
Z013E0178,NY,2006,40,944.110555
Z013E0178,NY,2007,130,788.331665
Z013E0179,NY,2006,NA,964.80278
Z013E0179,NY,2007,168,994.163335
Z013E0180,NY,2006,NA,NA
Z013E0180,NY,2007,NA,NA
Z013E0181,NY,2006,NA,NA
Z013E0181,NY,2007,43,961.110555
Z013E0182,NY,2006,93,904.77389
Z013E0182,NY,2007,94,883.331665
Z013E0183,NY,2006,31,964.80278
Z013E0183,NY,2007,88,916.110555
Z013E0184,NY,2006,NA,NA
Z013E0184,NY,2007,50,916.110555
Z013E0185,NY,2006,85,964.80278
Z013E0185,NY,2007,49,916.110555
Z013E0186,NY,2006,27,NA
Z013E0186,NY,2007,NA,870.27389
Z013E0187,NY,2006,69,944.110555
Z013E0187,NY,2007,43,916.110555
Z013E0188,NY,2006,53,964.80278
Z013E0188,NY,2007,NA,930.831665
Z013E0189,NY,2006,139,936.94222
Z013E0189,NY,2007,148,818.610555
Z013E0190,NY,2006,59,964.80278
Z013E0190,NY,2007,29,870.27389
Z013E0191,NY,2006,70.5,936.94222
Z013E0191,NY,2007,47,896.110555
Z013E0192,NY,2006,NA,NA
Z013E0192,NY,2007,65,994.163335
Z013E0193,NY,2006,72,964.80278
Z013E0193,NY,2007,78,896.110555
Z013E0194,NY,2006,NA,936.94222
Z013E0194,NY,2007,NA,904.163335
Z013E0195,NY,2006,NA,NA
Z013E0195,NY,2007,62,916.110555
Z013E0196,NY,2006,80,904.77389
Z013E0196,NY,2007,NA,856.384445
Z013E0197,NY,2006,NA,NA
Z013E0197,NY,2007,58,949.163335
Z013E0198,NY,2006,140,944.110555
Z013E0198,NY,2007,NA,818.610555
Z013E0199,NY,2006,67,954.02389
Z013E0199,NY,2007,59,759.163335
Z013E0200,NY,2006,NA,NA
Z013E0200,NY,2007,NA,904.163335
Z013E0201,NY,2006,120.9,873.266723
Z013E0201,NY,2007,95,829.4067369
Z013E0202,NY,2006,33.5,964.80278
Z013E0202,NY,2007,30,951.4560413
Z013E0204,NY,2006,NA,NA
Z013E0204,NY,2007,NA,NA
Z013E0207,NY,2006,NA,NA
Z013E0207,NY,2007,NA,NA
Z013E0208,NY,2006,NA,NA
Z013E0208,NY,2007,NA,NA
Z013E0211,NY,2006,NA,NA
Z013E0211,NY,2007,NA,NA
Z013E0212,NY,2006,NA,NA
Z013E0212,NY,2007,NA,NA
Z013E0213,NY,2006,NA,NA
Z013E0213,NY,2007,NA,NA
Z013E0216,NY,2006,NA,NA
Z013E0216,NY,2007,NA,NA
Z013E0218,NY,2006,NA,NA
Z013E0218,NY,2007,NA,NA
Z013E0220,NY,2006,NA,NA
Z013E0220,NY,2007,NA,NA
Z013E0221,NY,2006,NA,NA
Z013E0221,NY,2007,NA,NA
Z013E0222,NY,2006,NA,NA
Z013E0222,NY,2007,NA,NA
Z013E0224,NY,2006,NA,NA
Z013E0224,NY,2007,NA,NA
Z013E0225,NY,2006,NA,NA
Z013E0225,NY,2007,NA,NA
Z013E0226,NY,2006,NA,NA
Z013E0226,NY,2007,NA,NA
Z013E0227,NY,2006,NA,NA
Z013E0227,NY,2007,NA,NA
Z013E0228,NY,2006,NA,NA
Z013E0228,NY,2007,NA,NA
Z013E0229,NY,2006,NA,NA
Z013E0229,NY,2007,NA,NA
Z013E0231,NY,2006,NA,NA
Z013E0231,NY,2007,NA,NA
Z013E0233,NY,2006,NA,NA
Z013E0233,NY,2007,NA,NA
Z013E0234,NY,2006,NA,NA
Z013E0234,NY,2007,NA,NA
Z013E0235,NY,2006,NA,NA
Z013E0235,NY,2007,NA,NA
Z013E0236,NY,2006,NA,NA
Z013E0236,NY,2007,NA,NA
Z013E0238,NY,2006,NA,NA
Z013E0238,NY,2007,NA,NA
Z013E0239,NY,2006,NA,NA
Z013E0239,NY,2007,NA,NA
Z013E0240,NY,2006,NA,NA
Z013E0240,NY,2007,NA,NA
Z013E0241,NY,2006,NA,NA
Z013E0241,NY,2007,NA,NA
Z013E0242,NY,2006,NA,NA
Z013E0242,NY,2007,NA,NA
Z013E0244,NY,2006,NA,NA
Z013E0244,NY,2007,NA,NA
Z013E0247,NY,2006,NA,NA
Z013E0247,NY,2007,NA,NA
Z013E0249,NY,2006,NA,NA
Z013E0249,NY,2007,NA,NA
Z013E0251,NY,2006,NA,NA
Z013E0251,NY,2007,NA,NA
Z013E0252,NY,2006,NA,NA
Z013E0252,NY,2007,NA,NA
Z013E0253,NY,2006,NA,NA
Z013E0253,NY,2007,NA,NA
Z013E0256,NY,2006,NA,NA
Z013E0256,NY,2007,NA,NA
Z024E0001,NY,2006,102,NA
Z024E0001,NY,2007,NA,828.610555
Z024E0002,NY,2006,47.5,778.55278
Z024E0002,NY,2007,72,724.163335
Z024E0003,NY,2006,74,NA
Z024E0003,NY,2007,NA,748.331665
Z024E0004,NY,2006,79,904.77389
Z024E0004,NY,2007,NA,856.384445
Z024E0005,NY,2006,50,812.581665
Z024E0005,NY,2007,104,724.163335
Z024E0006,NY,2006,NA,778.55278
Z024E0006,NY,2007,36,772.5
Z024E0007,NY,2006,NA,870.55278
Z024E0007,NY,2007,NA,841.663335
Z024E0008,NY,2006,81,812.581665
Z024E0008,NY,2007,38,736.94222
Z024E0009,NY,2006,NA,NA
Z024E0009,NY,2007,NA,724.163335
Z024E0010,NY,2006,51,812.581665
Z024E0010,NY,2007,29.5,759.163335
Z024E0011,NY,2006,68,812.581665
Z024E0011,NY,2007,NA,759.163335
Z024E0012,NY,2006,38,870.55278
Z024E0012,NY,2007,61,712.77389
Z024E0013,NY,2006,87,870.55278
Z024E0013,NY,2007,NA,748.331665
Z024E0014,NY,2006,NA,793.884445
Z024E0014,NY,2007,74,724.163335
Z024E0015,NY,2006,49,881.610555
Z024E0015,NY,2007,48,805.27389
Z024E0016,NY,2006,NA,870.55278
Z024E0016,NY,2007,NA,736.94222
Z024E0017,NY,2006,21,847.05278
Z024E0017,NY,2007,22,698.05278
Z024E0018,NY,2006,75,870.55278
Z024E0018,NY,2007,49,805.27389
Z024E0019,NY,2006,59,870.55278
Z024E0019,NY,2007,NA,818.610555
Z024E0020,NY,2006,62.5,812.581665
Z024E0020,NY,2007,NA,748.331665
Z024E0021,NY,2006,NA,924.110555
Z024E0021,NY,2007,NA,856.384445
Z024E0022,NY,2006,62.33333333,778.55278
Z024E0022,NY,2007,NA,698.05278
Z024E0023,NY,2006,24.5,832.163335
Z024E0023,NY,2007,NA,818.610555
Z024E0024,NY,2006,78,812.581665
Z024E0024,NY,2007,NA,759.163335
Z024E0025,NY,2006,NA,736.72111
Z024E0025,NY,2007,51.5,684.72111
Z024E0026,NY,2006,NA,964.80278
Z024E0026,NY,2007,32,985.831665
Z024E0027,NY,2006,44,832.163335
Z024E0027,NY,2007,NA,805.27389
Z024E0028,NY,2006,45,NA
Z024E0028,NY,2007,44,736.94222
Z024E0029,NY,2006,64,860.19222
Z024E0029,NY,2007,NA,748.331665
Z024E0030,NY,2006,74.5,778.55278
Z024E0030,NY,2007,NA,736.94222
Z024E0031,NY,2006,65,765
Z024E0031,NY,2007,66,698.05278
Z024E0032,NY,2006,68.5,812.581665
Z024E0032,NY,2007,NA,724.163335
Z024E0033,NY,2006,83,812.581665
Z024E0033,NY,2007,50,772.5
Z024E0034,NY,2006,85,NA
Z024E0034,NY,2007,NA,675.27389
Z024E0035,NY,2006,NA,870.55278
Z024E0035,NY,2007,NA,748.331665
Z024E0036,NY,2006,NA,904.77389
Z024E0036,NY,2007,NA,856.384445
Z024E0037,NY,2006,56,847.05278
Z024E0037,NY,2007,90,736.94222
Z024E0038,NY,2006,86.5,793.884445
Z024E0038,NY,2007,NA,748.331665
Z024E0039,NY,2006,NA,870.55278
Z024E0039,NY,2007,NA,788.331665
Z024E0040,NY,2006,62,765
Z024E0040,NY,2007,92,736.94222
Z024E0041,NY,2006,35,832.163335
Z024E0041,NY,2007,48,841.663335
Z024E0042,NY,2006,37,765
Z024E0042,NY,2007,29,712.77389
Z024E0043,NY,2006,25,924.110555
Z024E0043,NY,2007,NA,NA
Z024E0044,NY,2006,NA,NA
Z024E0044,NY,2007,NA,736.94222
Z024E0045,NY,2006,89,793.884445
Z024E0045,NY,2007,61,759.163335
Z024E0046,NY,2006,NA,NA
Z024E0046,NY,2007,NA,736.94222
Z024E0047,NY,2006,59.25,847.05278
Z024E0047,NY,2007,84,748.331665
Z024E0048,NY,2006,54,736.72111
Z024E0048,NY,2007,48,667.5
Z024E0049,NY,2006,NA,NA
Z024E0049,NY,2007,NA,736.94222
Z024E0050,NY,2006,NA,832.163335
Z024E0050,NY,2007,47,748.331665
Z024E0051,NY,2006,62,793.884445
Z024E0051,NY,2007,NA,698.05278
Z024E0052,NY,2006,NA,944.110555
Z024E0052,NY,2007,71,805.27389
Z024E0053,NY,2006,35.5,870.55278
Z024E0053,NY,2007,NA,684.72111
Z024E0054,NY,2006,34.5,793.884445
Z024E0054,NY,2007,NA,736.94222
Z024E0055,NY,2006,33,870.55278
Z024E0055,NY,2007,41,748.331665
Z024E0056,NY,2006,45,847.05278
Z024E0056,NY,2007,21,805.27389
Z024E0057,NY,2006,68,793.884445
Z024E0057,NY,2007,NA,736.94222
Z024E0058,NY,2006,67.75,750.384445
Z024E0058,NY,2007,NA,684.72111
Z024E0059,NY,2006,60.33333333,793.884445
Z024E0059,NY,2007,NA,684.72111
Z024E0060,NY,2006,60,NA
Z024E0060,NY,2007,40,870.27389
Z024E0061,NY,2006,NA,NA
Z024E0061,NY,2007,NA,788.331665
Z024E0062,NY,2006,26,778.55278
Z024E0062,NY,2007,NA,684.72111
Z024E0063,NY,2006,88,765
Z024E0063,NY,2007,43,712.77389
Z024E0064,NY,2006,54,881.610555
Z024E0064,NY,2007,NA,698.05278
Z024E0065,NY,2006,59,736.72111
Z024E0065,NY,2007,NA,712.77389
Z024E0066,NY,2006,50,847.05278
Z024E0066,NY,2007,NA,788.331665
Z024E0067,NY,2006,53.5,NA
Z024E0067,NY,2007,NA,736.94222
Z024E0068,NY,2006,NA,832.163335
Z024E0068,NY,2007,NA,698.05278
Z024E0069,NY,2006,21,NA
Z024E0069,NY,2007,NA,736.94222
Z024E0070,NY,2006,NA,847.05278
Z024E0070,NY,2007,149,748.331665
Z024E0071,NY,2006,36,NA
Z024E0071,NY,2007,NA,675.27389
Z024E0072,NY,2006,76,812.581665
Z024E0072,NY,2007,NA,736.94222
Z024E0073,NY,2006,39,778.55278
Z024E0073,NY,2007,NA,724.163335
Z024E0074,NY,2006,77,NA
Z024E0074,NY,2007,52,724.163335
Z024E0075,NY,2006,47,NA
Z024E0075,NY,2007,NA,736.94222
Z024E0076,NY,2006,112,778.55278
Z024E0076,NY,2007,NA,736.94222
Z024E0077,NY,2006,56,778.55278
Z024E0077,NY,2007,NA,759.163335
Z024E0078,NY,2006,58,765
Z024E0078,NY,2007,NA,684.72111
Z024E0079,NY,2006,63,NA
Z024E0079,NY,2007,NA,698.05278
Z024E0080,NY,2006,62,832.163335
Z024E0080,NY,2007,NA,736.94222
Z024E0081,NY,2006,59,812.581665
Z024E0081,NY,2007,NA,712.77389
Z024E0082,NY,2006,74,793.884445
Z024E0082,NY,2007,46.5,724.163335
Z024E0083,NY,2006,46,812.581665
Z024E0083,NY,2007,NA,736.94222
Z024E0084,NY,2006,52.5,812.581665
Z024E0084,NY,2007,17,698.05278
Z024E0085,NY,2006,86,793.884445
Z024E0085,NY,2007,NA,748.331665
Z024E0086,NY,2006,53,736.72111
Z024E0086,NY,2007,NA,748.331665
Z024E0087,NY,2006,37,904.77389
Z024E0087,NY,2007,NA,772.5
Z024E0088,NY,2006,86,793.884445
Z024E0088,NY,2007,NA,712.77389
Z024E0089,NY,2006,55,870.55278
Z024E0089,NY,2007,NA,698.05278
Z024E0090,NY,2006,42,896.413335
Z024E0090,NY,2007,26,788.331665
Z024E0091,NY,2006,46.5,812.581665
Z024E0091,NY,2007,54.5,759.163335
Z024E0092,NY,2006,NA,881.610555
Z024E0092,NY,2007,61,841.663335
Z024E0093,NY,2006,58,896.413335
Z024E0093,NY,2007,54,788.331665
Z024E0094,NY,2006,61,NA
Z024E0094,NY,2007,NA,805.27389
Z024E0095,NY,2006,56,847.05278
Z024E0095,NY,2007,74,712.77389
Z024E0096,NY,2006,NA,881.610555
Z024E0096,NY,2007,41.5,788.331665
Z024E0097,NY,2006,71,765
Z024E0097,NY,2007,43,684.72111
Z024E0098,NY,2006,NA,NA
Z024E0098,NY,2007,68,759.163335
Z024E0099,NY,2006,60.5,812.581665
Z024E0099,NY,2007,38,759.163335
Z024E0100,NY,2006,68,847.05278
Z024E0100,NY,2007,NA,883.331665
Z024E0101,NY,2006,58,812.581665
Z024E0101,NY,2007,NA,759.163335
Z024E0102,NY,2006,63,847.05278
Z024E0102,NY,2007,92,748.331665
Z024E0103,NY,2006,51,765
Z024E0103,NY,2007,NA,675.27389
Z024E0104,NY,2006,44,765
Z024E0104,NY,2007,37,698.05278
Z024E0105,NY,2006,NA,NA
Z024E0105,NY,2007,75,772.5
Z024E0106,NY,2006,71,847.05278
Z024E0106,NY,2007,NA,805.27389
Z024E0107,NY,2006,50,832.163335
Z024E0107,NY,2007,NA,712.77389
Z024E0108,NY,2006,41,778.55278
Z024E0108,NY,2007,52,684.72111
Z024E0109,NY,2006,NA,904.77389
Z024E0109,NY,2007,NA,748.331665
Z024E0110,NY,2006,32,896.413335
Z024E0110,NY,2007,34,698.05278
Z024E0111,NY,2006,NA,NA
Z024E0111,NY,2007,NA,818.610555
Z024E0112,NY,2006,NA,NA
Z024E0112,NY,2007,61,724.163335
Z024E0113,NY,2006,38.5,896.413335
Z024E0113,NY,2007,NA,736.94222
Z024E0114,NY,2006,43,812.581665
Z024E0114,NY,2007,NA,684.72111
Z024E0115,NY,2006,43,778.55278
Z024E0115,NY,2007,NA,748.331665
Z024E0116,NY,2006,30,793.884445
Z024E0116,NY,2007,18,684.72111
Z024E0117,NY,2006,101,NA
Z024E0117,NY,2007,NA,856.384445
Z024E0118,NY,2006,60,812.581665
Z024E0118,NY,2007,47,698.05278
Z024E0119,NY,2006,NA,NA
Z024E0119,NY,2007,NA,712.77389
Z024E0120,NY,2006,77,793.884445
Z024E0120,NY,2007,NA,724.163335
Z024E0121,NY,2006,39.5,904.77389
Z024E0121,NY,2007,NA,772.5
Z024E0122,NY,2006,56,NA
Z024E0122,NY,2007,80,684.72111
Z024E0123,NY,2006,17.5,793.884445
Z024E0123,NY,2007,50,712.77389
Z024E0124,NY,2006,73,793.884445
Z024E0124,NY,2007,NA,684.72111
Z024E0125,NY,2006,NA,NA
Z024E0125,NY,2007,NA,870.27389
Z024E0126,NY,2006,NA,904.77389
Z024E0126,NY,2007,NA,828.610555
Z024E0127,NY,2006,NA,870.55278
Z024E0127,NY,2007,NA,698.05278
Z024E0128,NY,2006,38,812.581665
Z024E0128,NY,2007,NA,698.05278
Z024E0129,NY,2006,NA,812.581665
Z024E0129,NY,2007,40,712.77389
Z024E0130,NY,2006,34,847.05278
Z024E0130,NY,2007,NA,724.163335
Z024E0131,NY,2006,53,870.55278
Z024E0131,NY,2007,NA,736.94222
Z024E0132,NY,2006,NA,870.55278
Z024E0132,NY,2007,NA,712.77389
Z024E0133,NY,2006,71,812.581665
Z024E0133,NY,2007,NA,684.72111
Z024E0134,NY,2006,77,847.05278
Z024E0134,NY,2007,NA,856.384445
Z024E0135,NY,2006,63,832.163335
Z024E0135,NY,2007,NA,828.610555
Z024E0136,NY,2006,70.5,812.581665
Z024E0136,NY,2007,118,805.27389
Z024E0137,NY,2006,62,881.610555
Z024E0137,NY,2007,60,759.163335
Z024E0138,NY,2006,51.5,832.163335
Z024E0138,NY,2007,NA,748.331665
Z024E0139,NY,2006,NA,870.55278
Z024E0139,NY,2007,NA,759.163335
Z024E0140,NY,2006,39,NA
Z024E0140,NY,2007,NA,712.77389
Z024E0141,NY,2006,87,870.55278
Z024E0141,NY,2007,60,736.94222
Z024E0142,NY,2006,44.5,870.55278
Z024E0142,NY,2007,29,788.331665
Z024E0143,NY,2006,32.5,870.55278
Z024E0143,NY,2007,NA,759.163335
Z024E0144,NY,2006,69.5,793.884445
Z024E0144,NY,2007,NA,698.05278
Z024E0145,NY,2006,NA,812.581665
Z024E0145,NY,2007,77,698.05278
Z024E0146,NY,2006,58.5,832.163335
Z024E0146,NY,2007,NA,736.94222
Z024E0147,NY,2006,76,904.77389
Z024E0147,NY,2007,NA,828.610555
Z024E0148,NY,2006,80.5,847.05278
Z024E0148,NY,2007,40,772.5
Z024E0149,NY,2006,40.5,881.610555
Z024E0149,NY,2007,NA,841.663335
Z024E0150,NY,2006,57,812.581665
Z024E0150,NY,2007,NA,748.331665
Z024E0151,NY,2006,NA,NA
Z024E0151,NY,2007,NA,896.110555
Z024E0152,NY,2006,74.25,778.55278
Z024E0152,NY,2007,NA,736.94222
Z024E0153,NY,2006,41.5,860.19222
Z024E0153,NY,2007,40,724.163335
Z024E0154,NY,2006,46.5,860.19222
Z024E0154,NY,2007,NA,698.05278
Z024E0155,NY,2006,44.5,NA
Z024E0155,NY,2007,NA,788.331665
Z024E0156,NY,2006,NA,881.610555
Z024E0156,NY,2007,NA,NA
Z024E0157,NY,2006,57,793.884445
Z024E0157,NY,2007,NA,736.94222
Z024E0158,NY,2006,57.5,793.884445
Z024E0158,NY,2007,NA,712.77389
Z024E0159,NY,2006,66,793.884445
Z024E0159,NY,2007,NA,712.77389
Z024E0160,NY,2006,92,812.581665
Z024E0160,NY,2007,NA,759.163335
Z024E0161,NY,2006,NA,765
Z024E0161,NY,2007,NA,684.72111
Z024E0162,NY,2006,37,765
Z024E0162,NY,2007,NA,698.05278
Z024E0163,NY,2006,38,812.581665
Z024E0163,NY,2007,43,712.77389
Z024E0164,NY,2006,60.5,812.581665
Z024E0164,NY,2007,NA,788.331665
Z024E0165,NY,2006,67,847.05278
Z024E0165,NY,2007,84,736.94222
Z024E0166,NY,2006,40.5,793.884445
Z024E0166,NY,2007,57.5,772.5
Z024E0167,NY,2006,28.5,793.884445
Z024E0167,NY,2007,60.5,712.77389
Z024E0168,NY,2006,77.5,870.55278
Z024E0168,NY,2007,123,818.610555
Z024E0169,NY,2006,62,812.581665
Z024E0169,NY,2007,NA,788.331665
Z024E0170,NY,2006,40.66666667,847.05278
Z024E0170,NY,2007,48,736.94222
Z024E0171,NY,2006,36,870.55278
Z024E0171,NY,2007,NA,698.05278
Z024E0172,NY,2006,72,870.55278
Z024E0172,NY,2007,109,788.331665
Z024E0173,NY,2006,70.5,793.884445
Z024E0173,NY,2007,55,724.163335
Z024E0174,NY,2006,NA,964.80278
Z024E0174,NY,2007,22,841.663335
Z024E0175,NY,2006,52,870.55278
Z024E0175,NY,2007,NA,818.610555
Z024E0176,NY,2006,NA,NA
Z024E0176,NY,2007,NA,788.331665
Z024E0177,NY,2006,77,793.884445
Z024E0177,NY,2007,NA,772.5
Z024E0178,NY,2006,62.5,812.581665
Z024E0178,NY,2007,NA,736.94222
Z024E0179,NY,2006,30,847.05278
Z024E0179,NY,2007,NA,828.610555
Z024E0180,NY,2006,54,778.55278
Z024E0180,NY,2007,67.5,724.163335
Z024E0181,NY,2006,67,812.581665
Z024E0181,NY,2007,NA,698.05278
Z024E0182,NY,2006,80,793.884445
Z024E0182,NY,2007,70,698.05278
Z024E0183,NY,2006,NA,870.55278
Z024E0183,NY,2007,NA,856.384445
Z024E0184,NY,2006,NA,NA
Z024E0184,NY,2007,61.5,748.331665
Z024E0185,NY,2006,56.5,793.884445
Z024E0185,NY,2007,NA,736.94222
Z024E0186,NY,2006,22,913.634445
Z024E0186,NY,2007,81,724.163335
Z024E0187,NY,2006,42,896.413335
Z024E0187,NY,2007,NA,772.5
Z024E0188,NY,2006,79,736.72111
Z024E0188,NY,2007,NA,712.77389
Z024E0189,NY,2006,NA,NA
Z024E0189,NY,2007,45,736.94222
Z024E0190,NY,2006,59.5,860.19222
Z024E0190,NY,2007,NA,805.27389
Z024E0191,NY,2006,47,812.581665
Z024E0191,NY,2007,NA,698.05278
Z024E0192,NY,2006,60,NA
Z024E0192,NY,2007,NA,805.27389
Z024E0193,NY,2006,52.66666667,812.581665
Z024E0193,NY,2007,70,675.27389
Z024E0194,NY,2006,NA,NA
Z024E0194,NY,2007,NA,788.331665
Z024E0195,NY,2006,59,720.831665
Z024E0195,NY,2007,54,667.5
Z024E0196,NY,2006,50.5,793.884445
Z024E0196,NY,2007,NA,736.94222
Z024E0197,NY,2006,71,NA
Z024E0197,NY,2007,NA,736.94222
Z024E0198,NY,2006,33,904.77389
Z024E0198,NY,2007,NA,772.5
Z024E0199,NY,2006,43,812.581665
Z024E0199,NY,2007,NA,724.163335
Z024E0200,NY,2006,66.5,793.884445
Z024E0200,NY,2007,83,698.05278
Z024E0201,NY,2006,94.66666667,900.3364211
Z024E0201,NY,2007,126.8571429,809.4073613
Z024E0202,NY,2006,44.2,709.6083333
Z024E0202,NY,2007,53,702.10016
Z024E0203,NY,2006,NA,NA
Z024E0203,NY,2007,NA,NA
Z024E0205,NY,2006,NA,NA
Z024E0205,NY,2007,NA,NA
Z024E0212,NY,2006,NA,NA
Z024E0212,NY,2007,NA,NA
Z024E0268,NY,2006,NA,NA
Z024E0268,NY,2007,NA,NA
Z024E0273,NY,2006,NA,NA
Z024E0273,NY,2007,NA,NA
Z024E0289,NY,2006,NA,NA
Z024E0289,NY,2007,NA,NA
